episode,source,copies,run,ep,date,contamine,version_job,version_jouee,coherent,campagne,graine,palier,jour,bras,hors_corpus,depart,arret,tenir,appui_feu,feu_avant,mg_assaut,delai_porteur,appui_fixe,accessible,effectif,issue,cause,charges,sur,detruits,exfiltres,vivants,morts_fs,roles_morts,pertes_est,renseignement,alarme,compromis,t_compromis,cause_compromis,phase_au_compromis,latence_surprise,abandon,duree_s,ph1,ph2,ph3,ph4,ph5,ph6,charges_detail,porteur_temps,tirs_appui_avant,tirs_appui_total,appui_position_m,mg_munitions,porte_lecture,empreinte,note_job
2026-09-07_1125_chacal/g3,/mnt/data/hmt/runs/2026-09-07_1125_chacal/g3/serveur.rpt,1,2026-09-07_1125_chacal,g3,2026-09-07,0,,,,,3,0,0,NUL,1,3,,,,,,,,,,VOID,LAMBS_ABSENT,2,3,2,2,2,8,FUSILIER_2 CHEF TIREUR_2 ADJOINT MEDECIN TIREUR_1 DEMO_2 AT,11,0,1,1,419.36,ENNEMI_VU_EN_COMBAT,5,-9.24,0,2243,,,,,INCOMPLET@784.21,PLAFOND@2238.83,antenne:POSEE tour:PORTEUR_N_ARRIVE_PAS QG:POSEE,,,,,,REFUSE,,"temoin du lanceur ; palier 0 refuse 2x le 05/09, cause temoin_vu_par_VG"
2026-09-07_1125_chacal/g4,/mnt/data/hmt/runs/2026-09-07_1125_chacal/g4/serveur.rpt,1,2026-09-07_1125_chacal,g4,2026-09-07,0,,,,,4,0,0,NUL,1,3,,,,,,,,,,VOID,LAMBS_ABSENT,3,3,3,4,4,6,CHEF TIREUR_1 TIREUR_2 DEMO_2 FUSILIER_1 FUSILIER_2,12,0,1,1,260.65,COUP_RECU,,-59.87,0,2361,,,,,ATTEINT@1086.66,PLAFOND@2357.21,antenne:POSEE tour:POSEE QG:POSEE,,,,,,REFUSE,,"temoin du lanceur ; palier 0 refuse 2x le 05/09, cause temoin_vu_par_VG"
2026-09-07_1355_chacal/g3,/mnt/data/hmt/runs/2026-09-07_1355_chacal/g3/serveur.rpt,1,2026-09-07_1355_chacal,g3,2026-09-07,0,,,,,3,0,0,NUL,1,3,,,,,,,,,,ECHEC,EXFIL_MANQUEE,3,3,3,0,6,4,AT MEDECIN FUSILIER_2 CHEF,13,0,1,1,319.08,ENNEMI_VU_EN_COMBAT,5,-8.07,0,2333,,,,,ATTEINT@878.39,PLAFOND@2327.84,antenne:POSEE tour:POSEE QG:POSEE,,,,,,ACCEPTE,,temoin 2 : LAMBS ajoute au lancement ; palier 0
2026-09-07_1355_chacal/g4,/mnt/data/hmt/runs/2026-09-07_1355_chacal/g4/serveur.rpt,1,2026-09-07_1355_chacal,g4,2026-09-07,0,,,,,4,0,0,NUL,1,3,,,,,,,,,,ABANDON,ARTICULATION_ROMPUE,0,3,0,0,0,10,CHEF TIREUR_2 DEMO_2 TIREUR_1 AT DEMO_1 FUSILIER_2 MEDECIN FUSILIER_1 ADJOINT,1,0,1,1,264.73,ENNEMI_VU_EN_COMBAT,,1.63,1,367,,,,,ARTICULATION_ROMPUE@359.67,DETRUIT@362.68,,,,,,,ACCEPTE,,temoin 2 : LAMBS ajoute au lancement ; palier 0
2026-09-08_0956_chacal/g5,/mnt/data/hmt/runs/2026-09-08_0956_chacal/g5/serveur.rpt,1,2026-09-08_0956_chacal,g5,2026-09-08,0,,,,,5,0,0,NUL,0,1,,,,,,,,,,ABANDON,ARTICULATION_ROMPUE,0,3,0,0,10,0,,0,0,0,0,,,,-999,1,6183,ATTEINT@221.32,ATTEINT@2495.09,,,ARTICULATION_ROMPUE@2897.32,PLAFOND@6177.53,,,,,,,ACCEPTE,,"premier episode du corpus : palier 0 joue en entier, six phases, graines 5 et 6"
2026-09-08_0956_chacal/g6,/mnt/data/hmt/runs/2026-09-08_0956_chacal/g6/serveur.rpt,1,2026-09-08_0956_chacal,g6,2026-09-08,0,,,,,6,0,0,NUL,0,1,,,,,,,,,,ABANDON,COMPROMIS_LOIN,0,3,0,4,4,6,AT TIREUR_2 CHEF TIREUR_1 DEMO_2 DEMO_1,0,0,1,1,1212.34,COUP_RECU,2,-7.94,1,3101,ATTEINT@212.41,COMPROMIS@1214.17,,,,PLAFOND@3096.57,,,,,,,ACCEPTE,,"premier episode du corpus : palier 0 joue en entier, six phases, graines 5 et 6"
2026-09-08_1415_chacal/g7,/mnt/data/hmt/runs/2026-09-08_1415_chacal/g7/serveur.rpt,1,2026-09-08_1415_chacal,g7,2026-09-08,0,,,,,7,0,0,PLAN,0,1,,,,,,,,,,ECHEC,CHARGES_INCOMPLETES,0,3,0,5,5,5,DEMO_1 ADJOINT MEDECIN DEMO_2 CHEF,6,0,1,1,5154.85,ENNEMI_VU_EN_COMBAT,4,-2.87,0,6716,ATTEINT@245.72,ATTEINT@2814.51,RENSEIGNEMENT_PAUVRE@4880.68,COMPROMIS@5155.91,INCOMPLET@5379.91,PLAFOND@6711.95,,,,,,,ACCEPTE,,"le PLAN en six phases, enfin joue ; temoin de comparaison = run 0956 (bras NUL, graines 5 et 6)"
2026-09-08_1415_chacal/g8,/mnt/data/hmt/runs/2026-09-08_1415_chacal/g8/serveur.rpt,1,2026-09-08_1415_chacal,g8,2026-09-08,0,,,,,8,0,0,PLAN,0,1,,,,,,,,,,ECHEC,CHARGES_INCOMPLETES,0,3,0,0,7,3,TIREUR_1 TIREUR_2 CHEF,14,0,1,1,2887.16,FEU_PROCHE,3,-1840.91,0,6176,ATTEINT@186.47,ENLISE@2443.46,COMPROMIS@2889.16,,INCOMPLET@3730.32,PLAFOND@6170.89,antenne:ELEMENT_N_ARRIVE_PAS tour:ELEMENT_N_ARRIVE_PAS QG:ELEMENT_N_ARRIVE_PAS,,,,,,ACCEPTE,,"le PLAN en six phases, enfin joue ; temoin de comparaison = run 0956 (bras NUL, graines 5 et 6)"
2026-09-08_1825_chacal/g7,/mnt/data/hmt/runs/2026-09-08_1825_chacal/g7/serveur.rpt,1,2026-09-08_1825_chacal,g7,2026-09-08,0,A,A,,,7,0,0,PLAN,0,1,,,,,,,,,,ABANDON,COMPROMIS_LOIN,0,3,0,0,9,1,CHEF,3,0,1,1,1517.21,ENNEMI_VU_EN_COMBAT,2,-0.64,1,3634,ATTEINT@227.15,COMPROMIS@1517.78,,,,PLAFOND@3629.32,,,,,,,ACCEPTE,ebcc97742bd4,"A - une seule variable : plus aucune mitrailleuse servie. Reference = run 1415 (memes graines, hmg=1). Attendu si la pie"
2026-09-08_1825_chacal/g8,/mnt/data/hmt/runs/2026-09-08_1825_chacal/g8/serveur.rpt,1,2026-09-08_1825_chacal,g8,2026-09-08,0,A,A,,,8,0,0,PLAN,0,1,,,,,,,,,,ECHEC,CHARGES_INCOMPLETES,0,3,0,0,5,5,TIREUR_2 TIREUR_1 AT CHEF DEMO_2,13,0,1,1,4126.58,ENNEMI_VU_EN_COMBAT,3,-14.3,0,7757,ATTEINT@187.55,ENLISE@2113.46,COMPROMIS@4127.4,,INCOMPLET@4909.51,PLAFOND@7753.14,antenne:ELEMENT_N_ARRIVE_PAS tour:ELEMENT_N_ARRIVE_PAS QG:PLAFOND_PHASE,,,,,,ACCEPTE,ebcc97742bd4,"A - une seule variable : plus aucune mitrailleuse servie. Reference = run 1415 (memes graines, hmg=1). Attendu si la pie"
2026-09-08_1835_chacal/g7,/mnt/data/hmt/runs/2026-09-08_1835_chacal/g7/serveur.rpt,1,2026-09-08_1835_chacal,g7,2026-09-08,0,C,C,,,7,9,0,PLAN,1,1,,,,,,,,,,SUCCES,CHARGES_ET_EXFIL,3,3,3,6,10,0,,0,0,0,0,,,,-999,0,5929,ATTEINT@226.71,ATTEINT@2527.88,RENSEIGNEMENT_PAUVRE@4792.4,ATTEINT@5213.78,ATTEINT@5580.95,ATTEINT@5925.66,antenne:POSEE tour:POSEE QG:POSEE,,,,,,ACCEPTE,ebcc97742bd4,"C - CONTROLE POSITIF DE L ACTE, monde vide (palier 9), en parallele sur l instance 1. La question est nue : savent-ils p"
2026-09-08_1835_chacal/g8,/mnt/data/hmt/runs/2026-09-08_1835_chacal/g8/serveur.rpt,1,2026-09-08_1835_chacal,g8,2026-09-08,0,C,C,,,8,9,0,PLAN,1,1,,,,,,,,,,SUCCES,CHARGES_ET_EXFIL,3,3,3,7,10,0,,0,0,0,1,5103.86,COUP_RECU,6,-999,0,5569,ATTEINT@186.29,ENLISE@2165.04,RENSEIGNEMENT_PAUVRE@4460.27,ATTEINT@4793.41,ATTEINT@5103.82,ATTEINT@5564.89,antenne:POSEE tour:POSEE QG:POSEE,,,,,,ACCEPTE,ebcc97742bd4,"C - CONTROLE POSITIF DE L ACTE, monde vide (palier 9), en parallele sur l instance 1. La question est nue : savent-ils p"
2026-09-08_2225_chacal/g7,/mnt/data/hmt/runs/2026-09-08_2225_chacal/g7/serveur.rpt,1,2026-09-08_2225_chacal,g7,2026-09-08,0,B,B,,,7,0,0,PLAN,0,1,,,,,,,,,,ABANDON,COMPROMIS_LOIN,0,3,0,0,9,1,FUSILIER_2,0,0,1,1,1846.9,ENNEMI_VU_EN_COMBAT,2,0.36,1,3885,ATTEINT@227.86,COMPROMIS@1848.46,,,,PLAFOND@3881.42,,,,,,,ACCEPTE,5336a7c4455a,B - une seule variable : plafond d assaut 900 -> 2700 s. Reference = run 1415. Attendu si le temps est la cause : la gra
2026-09-08_2225_chacal/g8,/mnt/data/hmt/runs/2026-09-08_2225_chacal/g8/serveur.rpt,1,2026-09-08_2225_chacal,g8,2026-09-08,0,B,B,,,8,0,0,PLAN,0,1,,,,,,,,,,ABANDON,COMPROMIS_LOIN,0,3,0,1,1,9,TIREUR_1 CHEF TIREUR_2 DEMO_1 DEMO_2 MEDECIN AT FUSILIER_2 FUSILIER_1,0,0,1,1,837.04,ENNEMI_VU_EN_COMBAT,2,-0.39,1,2495,ATTEINT@187.92,COMPROMIS@839.47,,,,PLAFOND@2491.23,,,,,,,ACCEPTE,5336a7c4455a,B - une seule variable : plafond d assaut 900 -> 2700 s. Reference = run 1415. Attendu si le temps est la cause : la gra
2026-09-08_2235_chacal/g7,/mnt/data/hmt/runs/2026-09-08_2235_chacal/g7/serveur.rpt,1,2026-09-08_2235_chacal,g7,2026-09-08,0,D2,D2,,,7,0,0,PLAN,0,1,,,,,,,,,,ABANDON,ARTICULATION_ROMPUE,0,3,0,0,5,5,CHEF DEMO_2 DEMO_1 ADJOINT MEDECIN,2,0,1,1,5034.2,COUP_RECU,4,2.17,1,8718,ATTEINT@229.41,ATTEINT@2827.06,RENSEIGNEMENT_PAUVRE@4754.33,PLAFOND@5334.86,ARTICULATION_ROMPUE@5334.86,PLAFOND@8713.49,,,,,,,ACCEPTE,5336a7c4455a,D2 - BRAS TENIR : le detachement poursuit son plan malgre la compromission. La compromission reste journalisee a l ident
2026-09-08_2235_chacal/g8,/mnt/data/hmt/runs/2026-09-08_2235_chacal/g8/serveur.rpt,1,2026-09-08_2235_chacal,g8,2026-09-08,0,D2,D2,,,8,0,0,PLAN,0,1,,,,,,,,,,ECHEC,CHARGES_INCOMPLETES,0,3,0,1,2,8,DEMO_2 ADJOINT MEDECIN DEMO_1 CHEF AT FUSILIER_1 FUSILIER_2,4,5,1,1,4718.25,ENNEMI_VU_EN_COMBAT,5,-28.04,0,6454,ATTEINT@187.08,ENLISE@2154.92,ATTEINT@4301.41,ATTEINT@4631.56,INCOMPLET@4886.32,PLAFOND@6450.04,,,,,,,ACCEPTE,5336a7c4455a,D2 - BRAS TENIR : le detachement poursuit son plan malgre la compromission. La compromission reste journalisee a l ident
2026-09-08_2255_chacal/g7,/mnt/data/hmt/runs/2026-09-08_2255_chacal/g7/serveur.rpt,1,2026-09-08_2255_chacal,g7,2026-09-08,0,D1,D1,,,7,0,0,PLAN,0,1,,,,,,,,,,ABANDON,COMPROMIS_LOIN,0,3,0,0,9,1,ADJOINT,0,0,1,1,1419.74,ENNEMI_VU_EN_COMBAT,2,-0.96,1,3666,ATTEINT@228.67,COMPROMIS@1420.1,,,,PLAFOND@3662.29,,,,,,,ACCEPTE,5336a7c4455a,"D1 - BRAS PRUDENT, la regle d origine : compromis loin du site = abandon, compromis = saut de phases. Reference interne "
2026-09-08_2255_chacal/g8,/mnt/data/hmt/runs/2026-09-08_2255_chacal/g8/serveur.rpt,1,2026-09-08_2255_chacal,g8,2026-09-08,0,D1,D1,,,8,0,0,PLAN,0,1,,,,,,,,,,ABANDON,COMPROMIS_LOIN,0,3,0,0,8,2,AT FUSILIER_2,0,0,0,1,1057.97,COUP_RECU,2,-999,1,2856,ATTEINT@187.65,COMPROMIS@1058.25,,,,PLAFOND@2851.93,,,,,,,ACCEPTE,5336a7c4455a,"D1 - BRAS PRUDENT, la regle d origine : compromis loin du site = abandon, compromis = saut de phases. Reference interne "
2026-09-09_0146_chacal/g7_r1,/mnt/data/hmt/runs/2026-09-09_0146_chacal/g7_r1/serveur.rpt,1,2026-09-09_0146_chacal,g7_r1,2026-09-09,0,,,,,7,0,0,PLAN,0,1,,,,,,,,,,ABANDON,COMPROMIS_LOIN,0,3,0,0,5,5,DEMO_1 DEMO_2 CHEF ADJOINT TIREUR_2,1,0,1,1,2354.66,ENNEMI_VU_EN_COMBAT,2,-0.89,1,4590,ATTEINT@229.45,COMPROMIS@2355.9,,,,PLAFOND@4586.96,,,,,,,ACCEPTE,5336a7c4455a,"PLANCHER DE BRUIT, moitie 1 sur 2. Configuration de reference et graine 7, rejouees. La question : a monde ET configurat"
2026-09-09_0146_chacal/g7_r2,/mnt/data/hmt/runs/2026-09-09_0146_chacal/g7_r2/serveur.rpt,1,2026-09-09_0146_chacal,g7_r2,2026-09-09,0,,,,,7,0,0,PLAN,0,1,,,,,,,,,,ABANDON,ARTICULATION_ROMPUE,0,3,0,4,4,6,DEMO_2 ADJOINT MEDECIN DEMO_1 CHEF FUSILIER_2,1,1,1,1,5586.71,COUP_RECU,4,-84.35,1,8899,ATTEINT@229.17,ATTEINT@3010.01,RENSEIGNEMENT_PAUVRE@5322.58,COMPROMIS@5588.91,ARTICULATION_ROMPUE@5674.5,PLAFOND@8895.97,,,,,,,ACCEPTE,5336a7c4455a,"PLANCHER DE BRUIT, moitie 1 sur 2. Configuration de reference et graine 7, rejouees. La question : a monde ET configurat"
2026-09-09_0146_chacal/g7_r3,/mnt/data/hmt/runs/2026-09-09_0146_chacal/g7_r3/serveur.rpt,1,2026-09-09_0146_chacal,g7_r3,2026-09-09,0,,,,,7,0,0,PLAN,0,1,,,,,,,,,,ECHEC,CHARGES_INCOMPLETES,0,3,0,5,5,5,DEMO_2 CHEF ADJOINT DEMO_1 MEDECIN,4,1,1,1,5481.85,COUP_RECU,4,-69.59,0,7051,ATTEINT@227.84,ENLISE@2827.04,RENSEIGNEMENT_PAUVRE@5191.19,COMPROMIS@5481.99,INCOMPLET@5716.2,PLAFOND@7047.25,,,,,,,ACCEPTE,5336a7c4455a,"PLANCHER DE BRUIT, moitie 1 sur 2. Configuration de reference et graine 7, rejouees. La question : a monde ET configurat"
2026-09-09_0146_chacal/g7_r4,/mnt/data/hmt/runs/2026-09-09_0146_chacal/g7_r4/serveur.rpt,1,2026-09-09_0146_chacal,g7_r4,2026-09-09,0,,,,,7,0,0,PLAN,0,1,,,,,,,,,,ABANDON,ARTICULATION_ROMPUE,0,3,0,2,5,5,DEMO_2 DEMO_1 CHEF MEDECIN ADJOINT,4,1,1,1,5105.49,COUP_RECU,4,-28.99,1,8407,ATTEINT@228.42,ATTEINT@2764.47,RENSEIGNEMENT_PAUVRE@4866.64,COMPROMIS@5105.59,ARTICULATION_ROMPUE@5185,PLAFOND@8403.53,,,,,,,ACCEPTE,5336a7c4455a,"PLANCHER DE BRUIT, moitie 1 sur 2. Configuration de reference et graine 7, rejouees. La question : a monde ET configurat"
2026-09-09_0155_chacal/g7_r1,/mnt/data/hmt/runs/2026-09-09_0155_chacal/g7_r1/serveur.rpt,1,2026-09-09_0155_chacal,g7_r1,2026-09-09,0,,,,,7,0,0,PLAN,0,1,,,,,,,,,,ECHEC,DETACHEMENT_DETRUIT,0,3,0,0,0,10,CHEF MEDECIN TIREUR_2 TIREUR_1 AT ADJOINT FUSILIER_2 DEMO_1 FUSILIER_1 DEMO_2,7,0,1,1,2476.68,COUP_RECU,3,-6.3,0,5848,ATTEINT@229.18,ENLISE@2463.88,COMPROMIS@2478.41,,PLAFOND@3380.25,DETRUIT@5843.78,antenne:PLAFOND_PHASE tour:PLAFOND_PHASE QG:PLAFOND_PHASE,,,,,,ACCEPTE,5336a7c4455a,"PLANCHER DE BRUIT, moitie 2 sur 2. Configuration de reference et graine 7, rejouees. La question : a monde ET configurat"
2026-09-09_0155_chacal/g7_r2,/mnt/data/hmt/runs/2026-09-09_0155_chacal/g7_r2/serveur.rpt,1,2026-09-09_0155_chacal,g7_r2,2026-09-09,0,,,,,7,0,0,PLAN,0,1,,,,,,,,,,ECHEC,CHARGES_INCOMPLETES,0,3,0,5,5,5,CHEF ADJOINT MEDECIN DEMO_1 DEMO_2,1,1,1,1,5268.83,COUP_RECU,4,-87.76,0,6854,ATTEINT@228.9,ENLISE@2785.89,RENSEIGNEMENT_PAUVRE@5020.99,COMPROMIS@5269,INCOMPLET@5523.04,PLAFOND@6850.36,antenne:ELEMENT_N_ARRIVE_PAS,,,,,,ACCEPTE,5336a7c4455a,"PLANCHER DE BRUIT, moitie 2 sur 2. Configuration de reference et graine 7, rejouees. La question : a monde ET configurat"
2026-09-09_0155_chacal/g7_r3,/mnt/data/hmt/runs/2026-09-09_0155_chacal/g7_r3/serveur.rpt,1,2026-09-09_0155_chacal,g7_r3,2026-09-09,0,,,,,7,0,0,PLAN,0,1,,,,,,,,,,ABANDON,ARTICULATION_ROMPUE,0,3,0,1,3,7,MEDECIN CHEF DEMO_2 DEMO_1 ADJOINT AT FUSILIER_2,4,2,1,1,5202.03,ENNEMI_VU_EN_COMBAT,4,-4.54,1,8546,ATTEINT@228.26,ENLISE@3004.27,RENSEIGNEMENT_PAUVRE@4957.84,COMPROMIS@5202.53,ARTICULATION_ROMPUE@5321.54,PLAFOND@8541.82,,,,,,,ACCEPTE,5336a7c4455a,"PLANCHER DE BRUIT, moitie 2 sur 2. Configuration de reference et graine 7, rejouees. La question : a monde ET configurat"
2026-09-09_0155_chacal/g7_r4,/mnt/data/hmt/runs/2026-09-09_0155_chacal/g7_r4/serveur.rpt,1,2026-09-09_0155_chacal,g7_r4,2026-09-09,0,,,,,7,0,0,PLAN,0,1,,,,,,,,,,ECHEC,CHARGES_INCOMPLETES,0,3,0,2,2,8,CHEF DEMO_1 DEMO_2 MEDECIN FUSILIER_1 ADJOINT FUSILIER_2 AT,1,0,1,1,5639.47,COUP_RECU,4,-83.52,0,7264,ATTEINT@228.65,ATTEINT@3387.13,RENSEIGNEMENT_PAUVRE@5414.05,COMPROMIS@5640.82,INCOMPLET@5871.73,PLAFOND@7258.78,,,,,,,ACCEPTE,5336a7c4455a,"PLANCHER DE BRUIT, moitie 2 sur 2. Configuration de reference et graine 7, rejouees. La question : a monde ET configurat"
2026-09-09_0255_chacal/g7_r1,/mnt/data/hmt/runs/2026-09-09_0255_chacal/g7_r1/serveur.rpt,1,2026-09-09_0255_chacal,g7_r1,2026-09-09,0,,,,,7,0,0,PLAN,1,5,,,,,,,,,,ECHEC,CHARGES_INCOMPLETES,0,3,0,0,5,5,DEMO_1 CHEF DEMO_2 MEDECIN ADJOINT,6,0,1,1,99.71,ENNEMI_VU_EN_COMBAT,5,-2.75,0,245,,,,ATTEINT@74.84,INCOMPLET@240.76,,antenne:ELEMENT_N_ARRIVE_PAS,,,,,,ACCEPTE,5336a7c4455a,"ESSAI DE LA VIGNETTE, PAS ENCORE LE PLANCHER. Cinq episodes seulement : on ne demande pas un taux, on demande si la mach"
2026-09-09_0255_chacal/g7_r2,/mnt/data/hmt/runs/2026-09-09_0255_chacal/g7_r2/serveur.rpt,1,2026-09-09_0255_chacal,g7_r2,2026-09-09,0,,,,,7,0,0,PLAN,1,5,,,,,,,,,,ECHEC,CHARGES_INCOMPLETES,0,3,0,0,5,5,DEMO_1 CHEF MEDECIN ADJOINT DEMO_2,5,0,1,1,174.26,ENNEMI_VU_EN_COMBAT,5,-5.47,0,327,,,,ATTEINT@74.68,INCOMPLET@323.36,,antenne:ELEMENT_N_ARRIVE_PAS,,,,,,ACCEPTE,5336a7c4455a,"ESSAI DE LA VIGNETTE, PAS ENCORE LE PLANCHER. Cinq episodes seulement : on ne demande pas un taux, on demande si la mach"
2026-09-09_0255_chacal/g7_r3,/mnt/data/hmt/runs/2026-09-09_0255_chacal/g7_r3/serveur.rpt,1,2026-09-09_0255_chacal,g7_r3,2026-09-09,0,,,,,7,0,0,PLAN,1,5,,,,,,,,,,ECHEC,CHARGES_INCOMPLETES,0,3,0,0,5,5,ADJOINT CHEF DEMO_1 DEMO_2 MEDECIN,6,0,1,1,137.83,COUP_RECU,5,-39.61,0,369,,,,ATTEINT@74.8,INCOMPLET@366.19,,antenne:ELEMENT_N_ARRIVE_PAS,,,,,,ACCEPTE,5336a7c4455a,"ESSAI DE LA VIGNETTE, PAS ENCORE LE PLANCHER. Cinq episodes seulement : on ne demande pas un taux, on demande si la mach"
2026-09-09_0255_chacal/g7_r4,/mnt/data/hmt/runs/2026-09-09_0255_chacal/g7_r4/serveur.rpt,1,2026-09-09_0255_chacal,g7_r4,2026-09-09,0,,,,,7,0,0,PLAN,1,5,,,,,,,,,,ECHEC,CHARGES_INCOMPLETES,0,3,0,0,5,5,CHEF DEMO_2 DEMO_1 ADJOINT MEDECIN,4,0,1,1,177.32,ENNEMI_VU_EN_COMBAT,5,-12.14,0,283,,,,ATTEINT@75.62,INCOMPLET@277.93,,antenne:ELEMENT_N_ARRIVE_PAS,,,,,,ACCEPTE,5336a7c4455a,"ESSAI DE LA VIGNETTE, PAS ENCORE LE PLANCHER. Cinq episodes seulement : on ne demande pas un taux, on demande si la mach"
2026-09-09_0255_chacal/g7_r5,/mnt/data/hmt/runs/2026-09-09_0255_chacal/g7_r5/serveur.rpt,1,2026-09-09_0255_chacal,g7_r5,2026-09-09,0,,,,,7,0,0,PLAN,1,5,,,,,,,,,,ECHEC,CHARGES_INCOMPLETES,0,3,0,0,5,5,MEDECIN ADJOINT CHEF DEMO_1 DEMO_2,7,0,1,1,101.42,ENNEMI_VU_EN_COMBAT,5,-4.72,0,355,,,,ATTEINT@74.59,INCOMPLET@349.68,,antenne:ELEMENT_N_ARRIVE_PAS,,,,,,ACCEPTE,5336a7c4455a,"ESSAI DE LA VIGNETTE, PAS ENCORE LE PLANCHER. Cinq episodes seulement : on ne demande pas un taux, on demande si la mach"
2026-09-09_0345_chacal/g7_r1,/mnt/data/hmt/runs/2026-09-09_0345_chacal/g7_r1/serveur.rpt,1,2026-09-09_0345_chacal,g7_r1,2026-09-09,0,W0,W0,,,7,0,0,PLAN,1,5,,,,,,,,,,ECHEC,CHARGES_INCOMPLETES,2,3,0,0,7,3,CHEF DEMO_1 DEMO_2,9,0,1,1,111.63,ENNEMI_VU_EN_COMBAT,5,-66.44,0,859,,,,ATTEINT@74.72,INCOMPLET@854.2,,antenne:POSEE tour:PORTEUR_N_ARRIVE_PAS QG:POSEE,,,,,,ACCEPTE,5336a7c4455a,"W0 - LA VIGNETTE SAIT-ELLE REPONDRE ? Meme vignette d assaut que la reference (run 0255 : hmg=1, 5 fois ECHEC/CHARGES_IN"
2026-09-09_0345_chacal/g7_r2,/mnt/data/hmt/runs/2026-09-09_0345_chacal/g7_r2/serveur.rpt,1,2026-09-09_0345_chacal,g7_r2,2026-09-09,0,W0,W0,,,7,0,0,PLAN,1,5,,,,,,,,,,ECHEC,EXFIL_MANQUEE,3,3,3,0,7,3,CHEF DEMO_2 ADJOINT,8,0,1,1,172.05,ENNEMI_VU_EN_COMBAT,5,-3.51,0,485,,,,ATTEINT@74.44,ATTEINT@480.19,,antenne:POSEE tour:POSEE QG:POSEE,,,,,,ACCEPTE,5336a7c4455a,"W0 - LA VIGNETTE SAIT-ELLE REPONDRE ? Meme vignette d assaut que la reference (run 0255 : hmg=1, 5 fois ECHEC/CHARGES_IN"
2026-09-09_0345_chacal/g7_r3,/mnt/data/hmt/runs/2026-09-09_0345_chacal/g7_r3/serveur.rpt,1,2026-09-09_0345_chacal,g7_r3,2026-09-09,0,W0,W0,,,7,0,0,PLAN,1,5,,,,,,,,,,ECHEC,CHARGES_INCOMPLETES,2,3,2,0,7,3,DEMO_1 DEMO_2 CHEF,10,0,1,1,134.43,ENNEMI_VU_EN_COMBAT,5,-3.21,0,645,,,,ATTEINT@75.27,INCOMPLET@640.94,,antenne:POSEE tour:POSEE QG:AUCUN_PORTEUR_VIVANT,,,,,,ACCEPTE,5336a7c4455a,"W0 - LA VIGNETTE SAIT-ELLE REPONDRE ? Meme vignette d assaut que la reference (run 0255 : hmg=1, 5 fois ECHEC/CHARGES_IN"
2026-09-09_0345_chacal/g7_r4,/mnt/data/hmt/runs/2026-09-09_0345_chacal/g7_r4/serveur.rpt,1,2026-09-09_0345_chacal,g7_r4,2026-09-09,0,W0,W0,,,7,0,0,PLAN,1,5,,,,,,,,,,ECHEC,CHARGES_INCOMPLETES,0,3,0,0,5,5,DEMO_2 MEDECIN ADJOINT DEMO_1 CHEF,7,0,1,1,179.63,ENNEMI_VU_EN_COMBAT,5,-1.85,0,392,,,,ATTEINT@75.95,INCOMPLET@389.21,,antenne:ELEMENT_N_ARRIVE_PAS,,,,,,REFUSE,5336a7c4455a,"W0 - LA VIGNETTE SAIT-ELLE REPONDRE ? Meme vignette d assaut que la reference (run 0255 : hmg=1, 5 fois ECHEC/CHARGES_IN"
2026-09-09_0345_chacal/g7_r5,/mnt/data/hmt/runs/2026-09-09_0345_chacal/g7_r5/serveur.rpt,1,2026-09-09_0345_chacal,g7_r5,2026-09-09,0,W0,W0,,,7,0,0,PLAN,1,5,,,,,,,,,,ECHEC,CHARGES_INCOMPLETES,1,3,1,0,5,5,CHEF ADJOINT DEMO_2 MEDECIN DEMO_1,7,0,1,1,176.2,ENNEMI_VU_EN_COMBAT,5,-1.95,0,565,,,,ATTEINT@74.54,INCOMPLET@561.57,,antenne:POSEE tour:PORTEUR_N_ARRIVE_PAS QG:PORTEUR_N_ARRIVE_PAS,,,,,,ACCEPTE,5336a7c4455a,"W0 - LA VIGNETTE SAIT-ELLE REPONDRE ? Meme vignette d assaut que la reference (run 0255 : hmg=1, 5 fois ECHEC/CHARGES_IN"
2026-09-09_0445_chacal/g7_r1,/mnt/data/hmt/runs/2026-09-09_0445_chacal/g7_r1/serveur.rpt,1,2026-09-09_0445_chacal,g7_r1,2026-09-09,0,W2,W2,,,7,0,0,PLAN,1,5,,,,,,,,,,ECHEC,CHARGES_INCOMPLETES,0,3,0,0,5,5,ADJOINT MEDECIN CHEF DEMO_1 DEMO_2,8,0,1,1,109.58,ENNEMI_VU_EN_COMBAT,5,0.03,0,352,,,,ATTEINT@74.68,INCOMPLET@347.06,,antenne:PORTEUR_N_ARRIVE_PAS tour:ELEMENT_N_ARRIVE_PAS,,,,,,ACCEPTE,5336a7c4455a,W2 - le troisieme point du meme facteur : DEUX mitrailleuses servies au lieu d une. Avec W0 (zero) et la reference (une)
2026-09-09_0445_chacal/g7_r2,/mnt/data/hmt/runs/2026-09-09_0445_chacal/g7_r2/serveur.rpt,1,2026-09-09_0445_chacal,g7_r2,2026-09-09,0,W2,W2,,,7,0,0,PLAN,1,5,,,,,,,,,,ECHEC,CHARGES_INCOMPLETES,1,3,1,0,5,5,ADJOINT DEMO_2 MEDECIN CHEF DEMO_1,7,0,1,1,168.19,ENNEMI_VU_EN_COMBAT,5,-1.94,0,452,,,,ATTEINT@74.59,INCOMPLET@447.94,,antenne:POSEE tour:ELEMENT_N_ARRIVE_PAS,,,,,,ACCEPTE,5336a7c4455a,W2 - le troisieme point du meme facteur : DEUX mitrailleuses servies au lieu d une. Avec W0 (zero) et la reference (une)
2026-09-09_0445_chacal/g7_r3,/mnt/data/hmt/runs/2026-09-09_0445_chacal/g7_r3/serveur.rpt,1,2026-09-09_0445_chacal,g7_r3,2026-09-09,0,W2,W2,,,7,0,0,PLAN,1,5,,,,,,,,,,ECHEC,CHARGES_INCOMPLETES,0,3,0,0,5,5,DEMO_1 CHEF ADJOINT DEMO_2 MEDECIN,4,0,1,1,172.05,ENNEMI_VU_EN_COMBAT,5,-1.95,0,575,,,,ATTEINT@74.55,INCOMPLET@569.87,,antenne:ELEMENT_N_ARRIVE_PAS,,,,,,ACCEPTE,5336a7c4455a,W2 - le troisieme point du meme facteur : DEUX mitrailleuses servies au lieu d une. Avec W0 (zero) et la reference (une)
2026-09-09_0445_chacal/g7_r4,/mnt/data/hmt/runs/2026-09-09_0445_chacal/g7_r4/serveur.rpt,1,2026-09-09_0445_chacal,g7_r4,2026-09-09,0,W2,W2,,,7,0,0,PLAN,1,5,,,,,,,,,,ECHEC,CHARGES_INCOMPLETES,1,3,1,0,5,5,DEMO_1 CHEF MEDECIN DEMO_2 ADJOINT,10,0,1,1,131.97,ENNEMI_VU_EN_COMBAT,5,10.17,0,537,,,,ATTEINT@74.71,INCOMPLET@533.77,,antenne:POSEE tour:ELEMENT_N_ARRIVE_PAS,,,,,,ACCEPTE,5336a7c4455a,W2 - le troisieme point du meme facteur : DEUX mitrailleuses servies au lieu d une. Avec W0 (zero) et la reference (une)
2026-09-09_0445_chacal/g7_r5,/mnt/data/hmt/runs/2026-09-09_0445_chacal/g7_r5/serveur.rpt,1,2026-09-09_0445_chacal,g7_r5,2026-09-09,0,W2,W2,,,7,0,0,PLAN,1,5,,,,,,,,,,ECHEC,CHARGES_INCOMPLETES,0,3,0,0,5,5,ADJOINT DEMO_1 MEDECIN DEMO_2 CHEF,0,0,1,1,90.89,COUP_RECU,5,0.07,0,165,,,,ATTEINT@74.52,INCOMPLET@159.5,,,,,,,,ACCEPTE,5336a7c4455a,W2 - le troisieme point du meme facteur : DEUX mitrailleuses servies au lieu d une. Avec W0 (zero) et la reference (une)
2026-09-09_0535_chacal/g9_r1,/mnt/data/hmt/runs/2026-09-09_0535_chacal/g9_r1/serveur.rpt,1,2026-09-09_0535_chacal,g9_r1,2026-09-09,0,X0,X0,,,9,0,0,PLAN,1,5,,,,,,,,,,ECHEC,CHARGES_INCOMPLETES,0,3,0,0,5,5,CHEF ADJOINT DEMO_1 DEMO_2 MEDECIN,6,0,1,1,90.53,ENNEMI_VU_EN_COMBAT,5,-0.64,0,170,,,,ATTEINT@59.66,INCOMPLET@166.84,,antenne:ELEMENT_N_ARRIVE_PAS,,,,,,ACCEPTE,5336a7c4455a,"X0 - SECONDE GRAINE, sans mitrailleuse. La vignette a discrimine sur la graine 7 ; un seul monde ne fait pas un resultat"
2026-09-09_0535_chacal/g9_r2,/mnt/data/hmt/runs/2026-09-09_0535_chacal/g9_r2/serveur.rpt,1,2026-09-09_0535_chacal,g9_r2,2026-09-09,0,X0,X0,,,9,0,0,PLAN,1,5,,,,,,,,,,ECHEC,EXFIL_MANQUEE,3,3,3,0,6,4,CHEF ADJOINT DEMO_1 MEDECIN,11,0,1,1,80.44,ENNEMI_VU_EN_COMBAT,5,-0.53,0,427,,,,ATTEINT@59.73,ATTEINT@423.47,,antenne:POSEE tour:POSEE QG:POSEE,,,,,,ACCEPTE,5336a7c4455a,"X0 - SECONDE GRAINE, sans mitrailleuse. La vignette a discrimine sur la graine 7 ; un seul monde ne fait pas un resultat"
2026-09-09_0535_chacal/g9_r3,/mnt/data/hmt/runs/2026-09-09_0535_chacal/g9_r3/serveur.rpt,1,2026-09-09_0535_chacal,g9_r3,2026-09-09,0,X0,X0,,,9,0,0,PLAN,1,5,,,,,,,,,,ECHEC,CHARGES_INCOMPLETES,2,3,2,0,8,2,CHEF DEMO_1,11,0,1,1,86.48,ENNEMI_VU_EN_COMBAT,5,0.49,0,463,,,,ATTEINT@59.72,INCOMPLET@459.24,,antenne:PORTEUR_N_ARRIVE_PAS tour:POSEE QG:POSEE,,,,,,ACCEPTE,5336a7c4455a,"X0 - SECONDE GRAINE, sans mitrailleuse. La vignette a discrimine sur la graine 7 ; un seul monde ne fait pas un resultat"
2026-09-09_0535_chacal/g9_r4,/mnt/data/hmt/runs/2026-09-09_0535_chacal/g9_r4/serveur.rpt,1,2026-09-09_0535_chacal,g9_r4,2026-09-09,0,X0,X0,,,9,0,0,PLAN,1,5,,,,,,,,,,ECHEC,CHARGES_INCOMPLETES,0,3,0,0,5,5,CHEF DEMO_2 DEMO_1 MEDECIN ADJOINT,8,0,1,1,84.87,ENNEMI_VU_EN_COMBAT,5,-1.78,0,332,,,,ATTEINT@60.06,INCOMPLET@328.5,,antenne:PORTEUR_N_ARRIVE_PAS,,,,,,ACCEPTE,5336a7c4455a,"X0 - SECONDE GRAINE, sans mitrailleuse. La vignette a discrimine sur la graine 7 ; un seul monde ne fait pas un resultat"
2026-09-09_0535_chacal/g9_r5,/mnt/data/hmt/runs/2026-09-09_0535_chacal/g9_r5/serveur.rpt,1,2026-09-09_0535_chacal,g9_r5,2026-09-09,0,X0,X0,,,9,0,0,PLAN,1,5,,,,,,,,,,ECHEC,CHARGES_INCOMPLETES,0,3,0,0,5,5,CHEF ADJOINT DEMO_2 DEMO_1 MEDECIN,9,0,1,1,88.42,ENNEMI_VU_EN_COMBAT,5,1.25,0,517,,,,ATTEINT@59.5,INCOMPLET@513.47,,antenne:PORTEUR_N_ARRIVE_PAS tour:ELEMENT_N_ARRIVE_PAS,,,,,,ACCEPTE,5336a7c4455a,"X0 - SECONDE GRAINE, sans mitrailleuse. La vignette a discrimine sur la graine 7 ; un seul monde ne fait pas un resultat"
2026-09-09_0615_chacal/g9_r1,/mnt/data/hmt/runs/2026-09-09_0615_chacal/g9_r1/serveur.rpt,1,2026-09-09_0615_chacal,g9_r1,2026-09-09,0,X1,X1,,,9,0,0,PLAN,1,5,,,,,,,,,,ECHEC,CHARGES_INCOMPLETES,0,3,0,0,5,5,MEDECIN CHEF ADJOINT DEMO_1 DEMO_2,3,0,1,1,76.18,COUP_RECU,5,-3.86,0,175,,,,ATTEINT@59.77,INCOMPLET@170.96,,,,,,,,ACCEPTE,5336a7c4455a,"X1 - SECONDE GRAINE, une mitrailleuse : le temoin apparie de X0. Attendu si l effet tient : zero charge, comme la refere"
2026-09-09_0615_chacal/g9_r2,/mnt/data/hmt/runs/2026-09-09_0615_chacal/g9_r2/serveur.rpt,1,2026-09-09_0615_chacal,g9_r2,2026-09-09,0,X1,X1,,,9,0,0,PLAN,1,5,,,,,,,,,,ECHEC,CHARGES_INCOMPLETES,0,3,0,0,5,5,DEMO_1 CHEF DEMO_2 MEDECIN ADJOINT,8,0,1,1,80.31,ENNEMI_VU_EN_COMBAT,5,-2.73,0,218,,,,ATTEINT@59.5,INCOMPLET@213.25,,antenne:ELEMENT_N_ARRIVE_PAS,,,,,,ACCEPTE,5336a7c4455a,"X1 - SECONDE GRAINE, une mitrailleuse : le temoin apparie de X0. Attendu si l effet tient : zero charge, comme la refere"
2026-09-09_0615_chacal/g9_r3,/mnt/data/hmt/runs/2026-09-09_0615_chacal/g9_r3/serveur.rpt,1,2026-09-09_0615_chacal,g9_r3,2026-09-09,0,X1,X1,,,9,0,0,PLAN,1,5,,,,,,,,,,ECHEC,CHARGES_INCOMPLETES,0,3,0,0,5,5,ADJOINT DEMO_2 CHEF DEMO_1 MEDECIN,2,0,1,1,75.49,COUP_RECU,5,0.46,0,150,,,,ATTEINT@59.88,INCOMPLET@146.85,,,,,,,,REFUSE,5336a7c4455a,"X1 - SECONDE GRAINE, une mitrailleuse : le temoin apparie de X0. Attendu si l effet tient : zero charge, comme la refere"
2026-09-09_0615_chacal/g9_r4,/mnt/data/hmt/runs/2026-09-09_0615_chacal/g9_r4/serveur.rpt,1,2026-09-09_0615_chacal,g9_r4,2026-09-09,0,X1,X1,,,9,0,0,PLAN,1,5,,,,,,,,,,ECHEC,CHARGES_INCOMPLETES,0,3,0,0,5,5,ADJOINT MEDECIN DEMO_2 CHEF DEMO_1,4,0,1,1,74.77,COUP_RECU,5,0.11,0,141,,,,ATTEINT@59.58,INCOMPLET@138.37,,,,,,,,ACCEPTE,5336a7c4455a,"X1 - SECONDE GRAINE, une mitrailleuse : le temoin apparie de X0. Attendu si l effet tient : zero charge, comme la refere"
2026-09-09_0615_chacal/g9_r5,/mnt/data/hmt/runs/2026-09-09_0615_chacal/g9_r5/serveur.rpt,1,2026-09-09_0615_chacal,g9_r5,2026-09-09,0,X1,X1,,,9,0,0,PLAN,1,5,,,,,,,,,,ECHEC,CHARGES_INCOMPLETES,0,3,0,0,5,5,MEDECIN DEMO_1 CHEF ADJOINT DEMO_2,0,0,1,1,75.54,COUP_RECU,5,-1.27,0,92,,,,ATTEINT@59.8,INCOMPLET@88.03,,,,,,,,REFUSE,5336a7c4455a,"X1 - SECONDE GRAINE, une mitrailleuse : le temoin apparie de X0. Attendu si l effet tient : zero charge, comme la refere"
2026-09-09_1025_chacal/g7_r1,/mnt/data/hmt/runs/2026-09-09_1025_chacal/g7_r1/serveur.rpt,1,2026-09-09_1025_chacal,g7_r1,2026-09-09,0,P0,P0,,,7,9,0,PLAN,1,5,,,,,,,,,,ECHEC,EXFIL_MANQUEE,3,3,3,0,10,0,,0,0,0,0,,,,-999,0,438,,,,ATTEINT@71.91,ATTEINT@433.31,,antenne:POSEE tour:POSEE QG:POSEE,,,,,,ACCEPTE,5336a7c4455a,"P0 - CONTROLE POSITIF DE LA VIGNETTE, exige par Fable avant toute autre mesure. Le monde vide (palier 9) n a jamais ete "
2026-09-09_1025_chacal/g7_r2,/mnt/data/hmt/runs/2026-09-09_1025_chacal/g7_r2/serveur.rpt,1,2026-09-09_1025_chacal,g7_r2,2026-09-09,0,P0,P0,,,7,9,0,PLAN,1,5,,,,,,,,,,ECHEC,EXFIL_MANQUEE,3,3,3,0,10,0,,0,0,0,1,504.47,COUP_RECU,5,-999,0,508,,,,ATTEINT@71.88,ATTEINT@504.43,,antenne:POSEE tour:POSEE QG:POSEE,,,,,,ACCEPTE,5336a7c4455a,"P0 - CONTROLE POSITIF DE LA VIGNETTE, exige par Fable avant toute autre mesure. Le monde vide (palier 9) n a jamais ete "
2026-09-09_1025_chacal/g7_r3,/mnt/data/hmt/runs/2026-09-09_1025_chacal/g7_r3/serveur.rpt,1,2026-09-09_1025_chacal,g7_r3,2026-09-09,0,P0,P0,,,7,9,0,PLAN,1,5,,,,,,,,,,ECHEC,EXFIL_MANQUEE,3,3,3,0,10,0,,0,0,0,0,,,,-999,0,465,,,,ATTEINT@71.87,ATTEINT@460.77,,antenne:POSEE tour:POSEE QG:POSEE,,,,,,ACCEPTE,5336a7c4455a,"P0 - CONTROLE POSITIF DE LA VIGNETTE, exige par Fable avant toute autre mesure. Le monde vide (palier 9) n a jamais ete "
2026-09-09_1025_chacal/g7_r4,/mnt/data/hmt/runs/2026-09-09_1025_chacal/g7_r4/serveur.rpt,1,2026-09-09_1025_chacal,g7_r4,2026-09-09,0,P0,P0,,,7,9,0,PLAN,1,5,,,,,,,,,,ECHEC,EXFIL_MANQUEE,3,3,3,0,10,0,,0,0,0,0,,,,-999,0,455,,,,ATTEINT@71.96,ATTEINT@450.16,,antenne:POSEE tour:POSEE QG:POSEE,,,,,,ACCEPTE,5336a7c4455a,"P0 - CONTROLE POSITIF DE LA VIGNETTE, exige par Fable avant toute autre mesure. Le monde vide (palier 9) n a jamais ete "
2026-09-09_1025_chacal/g7_r5,/mnt/data/hmt/runs/2026-09-09_1025_chacal/g7_r5/serveur.rpt,1,2026-09-09_1025_chacal,g7_r5,2026-09-09,0,P0,P0,,,7,9,0,PLAN,1,5,,,,,,,,,,ECHEC,EXFIL_MANQUEE,3,3,3,0,10,0,,0,0,0,0,,,,-999,0,502,,,,ATTEINT@71.71,ATTEINT@497.39,,antenne:POSEE tour:POSEE QG:POSEE,,,,,,ACCEPTE,5336a7c4455a,"P0 - CONTROLE POSITIF DE LA VIGNETTE, exige par Fable avant toute autre mesure. Le monde vide (palier 9) n a jamais ete "
2026-09-09_1115_chacal/g7,/mnt/data/hmt/runs/2026-09-09_1115_chacal/g7/serveur.rpt,1,2026-09-09_1115_chacal,g7,2026-09-09,0,L0,L0,,,7,4,0,PLAN,0,1,,,,,,,,,,ABANDON,ARTICULATION_ROMPUE,0,3,0,2,10,0,,0,0,0,0,,,,-999,1,10053,ATTEINT@226.28,ENLISE@3109.76,RENSEIGNEMENT_PAUVRE@5048.84,PLAFOND@7126.78,ARTICULATION_ROMPUE@7126.78,PLAFOND@10048,,,,,,,ACCEPTE,1927c3a86501,"L0 - PALIER 4 LEGER, mission COMPLETE de bout en bout. Quatre defenseurs au site et rien d autre : ni ronde, ni patrouil"
2026-09-09_1115_chacal/g8,/mnt/data/hmt/runs/2026-09-09_1115_chacal/g8/serveur.rpt,1,2026-09-09_1115_chacal,g8,2026-09-09,0,L0,L0,,,8,4,0,PLAN,0,1,,,,,,,,,,ECHEC,CHARGES_INCOMPLETES,0,3,0,5,5,5,CHEF ADJOINT DEMO_1 DEMO_2 MEDECIN,0,1,1,1,4959.05,FEU_PROCHE,5,7.19,0,6563,ATTEINT@186.06,ATTEINT@2732.8,RENSEIGNEMENT_PAUVRE@4410.64,ATTEINT@4774.06,INCOMPLET@4997.97,PLAFOND@6559.24,antenne:PORTEUR_N_ARRIVE_PAS tour:ELEMENT_N_ARRIVE_PAS,,,,,,ACCEPTE,1927c3a86501,"L0 - PALIER 4 LEGER, mission COMPLETE de bout en bout. Quatre defenseurs au site et rien d autre : ni ronde, ni patrouil"
2026-09-09_1615_chacal/g7,/mnt/data/hmt/runs/2026-09-09_1615_chacal/g7/serveur.rpt,1,2026-09-09_1615_chacal,g7,2026-09-09,0,V20,V20,,,7,4,0,PLAN,0,1,,,,,,,,,,ECHEC,EXFIL_MANQUEE,3,3,3,6,17,3,MEDECIN DEMO_1 DEMO_2,2,0,1,1,5676.5,ENNEMI_VU_EN_COMBAT,5,-3.16,0,6802,ATTEINT@227.22,ENLISE@2312.49,RENSEIGNEMENT_PAUVRE@4553.74,PLAFOND@5619.99,ATTEINT@6148.88,ATTEINT@6799.07,antenne:POSEE tour:POSEE QG:POSEE,,,,,,ACCEPTE,a0ca02bebc62,"V20 - VINGT hommes contre quatre defenseurs. Deux variables changees a la fois, assume : l effectif double ET les positi"
2026-09-09_1615_chacal/g8,/mnt/data/hmt/runs/2026-09-09_1615_chacal/g8/serveur.rpt,1,2026-09-09_1615_chacal,g8,2026-09-09,0,V20,V20,,,8,4,0,PLAN,0,1,,,,,,,,,,ECHEC,EXFIL_MANQUEE,3,3,3,6,17,3,CHEF ADJOINT DEMO_1,4,1,1,1,5287.79,FEU_PROCHE,5,53.15,0,6612,ATTEINT@186.44,ENLISE@2498.02,RENSEIGNEMENT_PAUVRE@4803.69,ATTEINT@5124.23,ATTEINT@5588.18,ATTEINT@6608.73,antenne:POSEE tour:POSEE QG:POSEE,,,,,,ACCEPTE,a0ca02bebc62,"V20 - VINGT hommes contre quatre defenseurs. Deux variables changees a la fois, assume : l effectif double ET les positi"
2026-09-09_1625_chacal/g7_r1,/mnt/data/hmt/runs/2026-09-09_1625_chacal/g7_r1/serveur.rpt,1,2026-09-09_1625_chacal,g7_r1,2026-09-09,0,M0,M0,,,7,4,0,PLAN,0,1,,,,,,,,,,SUCCES,CHARGES_ET_EXFIL,3,3,3,6,10,0,,2,0,1,1,5053.99,ENNEMI_VU_EN_COMBAT,5,9.28,0,6372,ATTEINT@227.07,ENLISE@2222.28,RENSEIGNEMENT_PAUVRE@4520.54,ATTEINT@4899.24,ATTEINT@5441.8,ATTEINT@6369.01,antenne:POSEE tour:POSEE QG:POSEE,,,,,,ACCEPTE,a0ca02bebc62,"M0 - palier 4 leger, dix hommes, CHACAL_ACCESSIBLE = 0. Les deux graines du palier 4, deux fois chacune : la 7 s est blo"
2026-09-09_1625_chacal/g7_r2,/mnt/data/hmt/runs/2026-09-09_1625_chacal/g7_r2/serveur.rpt,1,2026-09-09_1625_chacal,g7_r2,2026-09-09,0,M0,M0,,,7,4,0,PLAN,0,1,,,,,,,,,,ECHEC,CHARGES_INCOMPLETES,0,3,0,6,6,4,CHEF DEMO_1 DEMO_2 ADJOINT,2,0,1,1,4981.13,FEU_PROCHE,5,-29.71,0,6281,ATTEINT@228.18,ATTEINT@2458.31,RENSEIGNEMENT_PAUVRE@4448.93,ATTEINT@4848.94,INCOMPLET@5294.4,ATTEINT@6276.57,antenne:AUCUN_PORTEUR_VIVANT tour:ELEMENT_N_ARRIVE_PAS QG:AUCUN_PORTEUR_VIVANT,,,,,,ACCEPTE,a0ca02bebc62,"M0 - palier 4 leger, dix hommes, CHACAL_ACCESSIBLE = 0. Les deux graines du palier 4, deux fois chacune : la 7 s est blo"
2026-09-09_1625_chacal/g8_r1,/mnt/data/hmt/runs/2026-09-09_1625_chacal/g8_r1/serveur.rpt,1,2026-09-09_1625_chacal,g8_r1,2026-09-09,0,M0,M0,,,8,4,0,PLAN,0,1,,,,,,,,,,ECHEC,CHARGES_INCOMPLETES,2,3,2,6,10,0,,4,0,1,1,4834.42,ENNEMI_VU_EN_COMBAT,5,-3.57,0,6158,ATTEINT@186.9,ATTEINT@2681.87,RENSEIGNEMENT_PAUVRE@4392.86,ATTEINT@4725.56,INCOMPLET@5183.91,ATTEINT@6153.72,antenne:POSEE tour:ELEMENT_N_ARRIVE_PAS QG:POSEE,,,,,,ACCEPTE,a0ca02bebc62,"M0 - palier 4 leger, dix hommes, CHACAL_ACCESSIBLE = 0. Les deux graines du palier 4, deux fois chacune : la 7 s est blo"
2026-09-09_1625_chacal/g8_r2,/mnt/data/hmt/runs/2026-09-09_1625_chacal/g8_r2/serveur.rpt,1,2026-09-09_1625_chacal,g8_r2,2026-09-09,0,M0,M0,,,8,4,0,PLAN,0,1,,,,,,,,,,SUCCES,CHARGES_ET_EXFIL,3,3,3,6,8,2,CHEF DEMO_1,3,1,1,1,4992.74,ENNEMI_VU_EN_COMBAT,5,-13.24,0,6339,ATTEINT@186.07,ATTEINT@2849.15,RENSEIGNEMENT_PAUVRE@4585.03,ATTEINT@4921.08,ATTEINT@5329.32,ATTEINT@6335.56,antenne:POSEE tour:POSEE QG:POSEE,,,,,,ACCEPTE,a0ca02bebc62,"M0 - palier 4 leger, dix hommes, CHACAL_ACCESSIBLE = 0. Les deux graines du palier 4, deux fois chacune : la 7 s est blo"
2026-09-09_1635_chacal/g7_r1,/mnt/data/hmt/runs/2026-09-09_1635_chacal/g7_r1/serveur.rpt,1,2026-09-09_1635_chacal,g7_r1,2026-09-09,0,M1,M1,,,7,4,0,PLAN,0,1,,,,,,,,,,ECHEC,CHARGES_INCOMPLETES,2,3,0,6,7,3,MEDECIN DEMO_1 DEMO_2,2,0,1,1,4859.05,ENNEMI_VU_EN_COMBAT,5,-41.32,0,6273,ATTEINT@228.12,ATTEINT@2523.59,RENSEIGNEMENT_PAUVRE@4435.68,ATTEINT@4761.67,INCOMPLET@5225.83,ATTEINT@6269.59,antenne:POSEE tour:POSEE QG:PORTEUR_N_ARRIVE_PAS,,,,,,ACCEPTE,a0ca02bebc62,"M1 - palier 4 leger, dix hommes, CHACAL_ACCESSIBLE = 1. Les deux graines du palier 4, deux fois chacune : la 7 s est blo"
2026-09-09_1635_chacal/g7_r2,/mnt/data/hmt/runs/2026-09-09_1635_chacal/g7_r2/serveur.rpt,1,2026-09-09_1635_chacal,g7_r2,2026-09-09,0,M1,M1,,,7,4,0,PLAN,0,1,,,,,,,,,,ECHEC,CHARGES_INCOMPLETES,2,3,2,6,8,2,CHEF ADJOINT,3,0,1,1,5002.91,FEU_PROCHE,5,-1.49,0,6236,ATTEINT@227.96,ENLISE@2240.01,RENSEIGNEMENT_PAUVRE@4402.92,ATTEINT@4765.37,INCOMPLET@5401.87,ATTEINT@6231.38,antenne:POSEE tour:PORTEUR_N_ARRIVE_PAS QG:POSEE,,,,,,ACCEPTE,a0ca02bebc62,"M1 - palier 4 leger, dix hommes, CHACAL_ACCESSIBLE = 1. Les deux graines du palier 4, deux fois chacune : la 7 s est blo"
2026-09-09_1635_chacal/g8_r1,/mnt/data/hmt/runs/2026-09-09_1635_chacal/g8_r1/serveur.rpt,1,2026-09-09_1635_chacal,g8_r1,2026-09-09,0,M1,M1,,,8,4,0,PLAN,0,1,,,,,,,,,,SUCCES,CHARGES_ET_EXFIL,3,3,3,6,10,0,,4,1,1,1,4678.87,ENNEMI_VU_EN_COMBAT,5,-67.63,0,5988,ATTEINT@186.14,ENLISE@1986.49,RENSEIGNEMENT_PAUVRE@4285.92,ATTEINT@4608.72,ATTEINT@5024.24,ATTEINT@5984.71,antenne:POSEE tour:POSEE QG:POSEE,,,,,,ACCEPTE,a0ca02bebc62,"M1 - palier 4 leger, dix hommes, CHACAL_ACCESSIBLE = 1. Les deux graines du palier 4, deux fois chacune : la 7 s est blo"
2026-09-09_1635_chacal/g8_r2,/mnt/data/hmt/runs/2026-09-09_1635_chacal/g8_r2/serveur.rpt,1,2026-09-09_1635_chacal,g8_r2,2026-09-09,0,M1,M1,,,8,4,0,PLAN,0,1,,,,,,,,,,SUCCES,CHARGES_ET_EXFIL,3,3,3,6,9,1,CHEF,4,2,1,1,5163.39,ENNEMI_VU_EN_COMBAT,5,-3.05,0,6473,ATTEINT@186.1,ENLISE@2423.45,RENSEIGNEMENT_PAUVRE@4688.49,ATTEINT@5084.62,ATTEINT@5484.49,ATTEINT@6469.45,antenne:POSEE tour:POSEE QG:POSEE,,,,,,ACCEPTE,a0ca02bebc62,"M1 - palier 4 leger, dix hommes, CHACAL_ACCESSIBLE = 1. Les deux graines du palier 4, deux fois chacune : la 7 s est blo"
2026-09-10_0635_chacal/g7_r1,/mnt/data/hmt/runs/2026-09-10_0635_chacal/g7_r1/serveur.rpt,1,2026-09-10_0635_chacal,g7_r1,2026-09-10,0,A0,A0,,,7,4,0,PLAN,0,1,,,,,,,,,,SUCCES,CHARGES_ET_EXFIL,3,3,3,6,10,0,,2,0,1,1,5520.4,ENNEMI_VU_EN_COMBAT,6,367.09,0,5834,ATTEINT@227.34,ATTEINT@2500.38,RENSEIGNEMENT_PAUVRE@4735.85,ATTEINT@5058.58,ATTEINT@5482.58,ATTEINT@5830.37,antenne:POSEE tour:POSEE QG:POSEE,,,,,,ACCEPTE,4c9a5e5b936f,"A0 - appui_feu = 0, tout le reste egal, positions accessibles activees des deux cotes. TEMOIN MESURE : palier 4 graine 8"
2026-09-10_0635_chacal/g7_r2,/mnt/data/hmt/runs/2026-09-10_0635_chacal/g7_r2/serveur.rpt,1,2026-09-10_0635_chacal,g7_r2,2026-09-10,0,A0,A0,,,7,4,0,PLAN,0,1,,,,,,,,,,ECHEC,CHARGES_INCOMPLETES,2,3,2,6,10,0,,3,0,1,1,4991.76,ENNEMI_VU_EN_COMBAT,5,-3.02,0,6284,ATTEINT@227.3,ATTEINT@2452.92,RENSEIGNEMENT_PAUVRE@4515.04,ATTEINT@4899.01,INCOMPLET@5309.34,ATTEINT@6279.14,antenne:POSEE tour:ELEMENT_N_ARRIVE_PAS QG:POSEE,,,,,,ACCEPTE,4c9a5e5b936f,"A0 - appui_feu = 0, tout le reste egal, positions accessibles activees des deux cotes. TEMOIN MESURE : palier 4 graine 8"
2026-09-10_0635_chacal/g8_r1,/mnt/data/hmt/runs/2026-09-10_0635_chacal/g8_r1/serveur.rpt,1,2026-09-10_0635_chacal,g8_r1,2026-09-10,0,A0,A0,,,8,4,0,PLAN,0,1,,,,,,,,,,ECHEC,CHARGES_INCOMPLETES,0,3,0,2,5,5,CHEF DEMO_2 DEMO_1 ADJOINT MEDECIN,2,2,1,1,5111.85,ENNEMI_VU_EN_COMBAT,5,11.05,0,6756,ATTEINT@186.97,ENLISE@2873.9,RENSEIGNEMENT_PAUVRE@4710.58,ATTEINT@5015.2,INCOMPLET@5187.77,PLAFOND@6752.17,antenne:ELEMENT_N_ARRIVE_PAS,,,,,,ACCEPTE,4c9a5e5b936f,"A0 - appui_feu = 0, tout le reste egal, positions accessibles activees des deux cotes. TEMOIN MESURE : palier 4 graine 8"
2026-09-10_0635_chacal/g8_r2,/mnt/data/hmt/runs/2026-09-10_0635_chacal/g8_r2/serveur.rpt,1,2026-09-10_0635_chacal,g8_r2,2026-09-10,0,A0,A0,,,8,4,0,PLAN,0,1,,,,,,,,,,ECHEC,CHARGES_INCOMPLETES,1,3,1,5,5,5,DEMO_1 ADJOINT MEDECIN DEMO_2 CHEF,3,0,1,1,4827.01,ENNEMI_VU_EN_COMBAT,5,-20.91,0,6649,ATTEINT@186.93,ATTEINT@2763.5,RENSEIGNEMENT_PAUVRE@4480.78,ATTEINT@4791.51,INCOMPLET@5101.37,PLAFOND@6644.44,antenne:POSEE tour:ELEMENT_N_ARRIVE_PAS,,,,,,ACCEPTE,4c9a5e5b936f,"A0 - appui_feu = 0, tout le reste egal, positions accessibles activees des deux cotes. TEMOIN MESURE : palier 4 graine 8"
2026-09-10_0645_chacal/g7_r1,/mnt/data/hmt/runs/2026-09-10_0645_chacal/g7_r1/serveur.rpt,1,2026-09-10_0645_chacal,g7_r1,2026-09-10,0,A1,A1,,,7,4,0,PLAN,0,1,,,,,,,,,,SUCCES,CHARGES_ET_EXFIL,3,3,3,6,10,0,,2,0,1,1,5387.25,ENNEMI_VU_EN_COMBAT,5,-1.83,0,6446,ATTEINT@227.71,ENLISE@2533.67,RENSEIGNEMENT_PAUVRE@4760.27,ATTEINT@5177.93,ATTEINT@5679.32,ATTEINT@6441.83,antenne:POSEE tour:POSEE QG:POSEE,,,,212,,ACCEPTE,4c9a5e5b936f,"A1 - appui_feu = 1, tout le reste egal, positions accessibles activees des deux cotes. TEMOIN MESURE : palier 4 graine 8"
2026-09-10_0645_chacal/g7_r2,/mnt/data/hmt/runs/2026-09-10_0645_chacal/g7_r2/serveur.rpt,1,2026-09-10_0645_chacal,g7_r2,2026-09-10,0,A1,A1,,,7,4,0,PLAN,0,1,,,,,,,,,,ECHEC,EXFIL_MANQUEE,3,3,3,5,5,5,CHEF ADJOINT MEDECIN DEMO_1 DEMO_2,3,0,1,1,5138.86,ENNEMI_VU_EN_COMBAT,5,25.6,0,6607,ATTEINT@227.38,ATTEINT@2465.76,RENSEIGNEMENT_PAUVRE@4607.39,ATTEINT@4942.53,ATTEINT@5355.96,PLAFOND@6603.29,antenne:POSEE tour:POSEE QG:POSEE,,,,212,,ACCEPTE,4c9a5e5b936f,"A1 - appui_feu = 1, tout le reste egal, positions accessibles activees des deux cotes. TEMOIN MESURE : palier 4 graine 8"
2026-09-10_0645_chacal/g8_r1,/mnt/data/hmt/runs/2026-09-10_0645_chacal/g8_r1/serveur.rpt,1,2026-09-10_0645_chacal,g8_r1,2026-09-10,0,A1,A1,,,8,4,0,PLAN,0,1,,,,,,,,,,ABANDON,ARTICULATION_ROMPUE,0,3,0,3,10,0,,1,2,1,1,4760.3,ENNEMI_VU_EN_COMBAT,4,-2.93,1,7208,ATTEINT@186.28,ENLISE@2431.56,RENSEIGNEMENT_PAUVRE@4707.27,COMPROMIS@4762.27,ARTICULATION_ROMPUE@4762.27,PLAFOND@7204.77,,,,,301,,ACCEPTE,4c9a5e5b936f,"A1 - appui_feu = 1, tout le reste egal, positions accessibles activees des deux cotes. TEMOIN MESURE : palier 4 graine 8"
2026-09-10_0645_chacal/g8_r2,/mnt/data/hmt/runs/2026-09-10_0645_chacal/g8_r2/serveur.rpt,1,2026-09-10_0645_chacal,g8_r2,2026-09-10,0,A1,A1,,,8,4,0,PLAN,0,1,,,,,,,,,,ABANDON,ARTICULATION_ROMPUE,0,3,0,2,10,0,,1,1,1,1,4679.77,ENNEMI_VU_EN_COMBAT,4,-5.78,1,7394,ATTEINT@186.39,ENLISE@2771.63,RENSEIGNEMENT_PAUVRE@4650.77,COMPROMIS@4681.29,ARTICULATION_ROMPUE@4681.29,PLAFOND@7390.37,,,,,301,,ACCEPTE,4c9a5e5b936f,"A1 - appui_feu = 1, tout le reste egal, positions accessibles activees des deux cotes. TEMOIN MESURE : palier 4 graine 8"
2026-09-10_1445_chacal/g7,/mnt/data/hmt/runs/2026-09-10_1445_chacal/g7/serveur.rpt,1,2026-09-10_1445_chacal,g7,2026-09-10,0,VF,VF,,,7,4,0,PLAN,1,5,5,0,1,1,,,,1,10,ECHEC,CHARGES_INCOMPLETES,1,3,1,0,5,5,DEMO_1 ADJOINT DEMO_2 MEDECIN CHEF,1,0,1,1,93.89,ENNEMI_VU_EN_COMBAT,5,-34.78,0,336,,,,ATTEINT@75.82,INCOMPLET@332.68,,antenne:POSEE tour:ELEMENT_N_ARRIVE_PAS,,6,12,218,,ACCEPTE,7bb707bca093,VF - vignette de CONTROLE du plan de Fable avant les 8 episodes. Elle ne juge pas la mission : elle dit si le code tourn
2026-09-10_1445_chacal/g8,/mnt/data/hmt/runs/2026-09-10_1445_chacal/g8/serveur.rpt,1,2026-09-10_1445_chacal,g8,2026-09-10,0,VF,VF,,,8,4,0,PLAN,1,5,5,0,1,1,,,,1,10,ECHEC,CHARGES_INCOMPLETES,1,3,0,0,7,3,MEDECIN DEMO_2 ADJOINT,3,0,1,1,158.53,ENNEMI_VU_EN_COMBAT,5,7.32,0,495,,,,ATTEINT@25.27,INCOMPLET@490.64,,antenne:POSEE tour:PORTEUR_N_ARRIVE_PAS QG:PORTEUR_N_ARRIVE_PAS,,2,10,299,,ACCEPTE,7bb707bca093,VF - vignette de CONTROLE du plan de Fable avant les 8 episodes. Elle ne juge pas la mission : elle dit si le code tourn
2026-09-10_1505_chacal/g7_r1,/mnt/data/hmt/runs/2026-09-10_1505_chacal/g7_r1/serveur.rpt,1,2026-09-10_1505_chacal,g7_r1,2026-09-10,0,VA0,VA0,,,7,4,0,PLAN,1,5,5,0,1,0,,,,1,10,ECHEC,CHARGES_INCOMPLETES,1,3,1,0,10,0,,3,0,1,1,177.03,ENNEMI_VU_EN_COMBAT,5,-12.18,0,661,,,,ATTEINT@75.63,INCOMPLET@657.68,,antenne:POSEE tour:PORTEUR_N_ARRIVE_PAS QG:PORTEUR_N_ARRIVE_PAS,,0,0,218,,ACCEPTE,7bb707bca093,"VA0 - L ASSAUT SEUL, palier 4, appui sur sa position de tir, feu_avant 0 ; VA0 et VA1 se lisent ensemble ou pas du tout."
2026-09-10_1505_chacal/g7_r2,/mnt/data/hmt/runs/2026-09-10_1505_chacal/g7_r2/serveur.rpt,1,2026-09-10_1505_chacal,g7_r2,2026-09-10,0,VA0,VA0,,,7,4,0,PLAN,1,5,5,0,1,0,,,,1,10,ECHEC,CHARGES_INCOMPLETES,2,3,2,0,7,3,MEDECIN CHEF ADJOINT,1,0,1,1,288.42,FEU_PROCHE,5,12.7,0,577,,,,ATTEINT@76.14,INCOMPLET@574.21,,antenne:POSEE tour:PORTEUR_N_ARRIVE_PAS QG:POSEE,,0,36,218,,ACCEPTE,7bb707bca093,"VA0 - L ASSAUT SEUL, palier 4, appui sur sa position de tir, feu_avant 0 ; VA0 et VA1 se lisent ensemble ou pas du tout."
2026-09-10_1505_chacal/g7_r3,/mnt/data/hmt/runs/2026-09-10_1505_chacal/g7_r3/serveur.rpt,1,2026-09-10_1505_chacal,g7_r3,2026-09-10,0,VA0,VA0,,,7,4,0,PLAN,1,5,5,0,1,0,,,,1,10,ECHEC,CHARGES_INCOMPLETES,1,3,1,0,5,5,CHEF DEMO_2 ADJOINT DEMO_1 MEDECIN,2,0,1,1,182.14,ENNEMI_VU_EN_COMBAT,5,-0.18,0,572,,,,ATTEINT@76.91,INCOMPLET@567.91,,antenne:POSEE tour:PORTEUR_N_ARRIVE_PAS QG:PORTEUR_N_ARRIVE_PAS,,0,0,218,,ACCEPTE,7bb707bca093,"VA0 - L ASSAUT SEUL, palier 4, appui sur sa position de tir, feu_avant 0 ; VA0 et VA1 se lisent ensemble ou pas du tout."
2026-09-10_1505_chacal/g7_r4,/mnt/data/hmt/runs/2026-09-10_1505_chacal/g7_r4/serveur.rpt,1,2026-09-10_1505_chacal,g7_r4,2026-09-10,0,VA0,VA0,,,7,4,0,PLAN,1,5,5,0,1,0,,,,1,10,ECHEC,CHARGES_INCOMPLETES,2,3,0,0,8,2,CHEF MEDECIN,2,0,1,1,377.68,FEU_PROCHE,5,65.41,0,732,,,,ATTEINT@76.83,INCOMPLET@728.11,,antenne:POSEE tour:POSEE QG:ELEMENT_N_ARRIVE_PAS,,0,0,218,,ACCEPTE,7bb707bca093,"VA0 - L ASSAUT SEUL, palier 4, appui sur sa position de tir, feu_avant 0 ; VA0 et VA1 se lisent ensemble ou pas du tout."
2026-09-10_1505_chacal/g7_r5,/mnt/data/hmt/runs/2026-09-10_1505_chacal/g7_r5/serveur.rpt,1,2026-09-10_1505_chacal,g7_r5,2026-09-10,0,VA0,VA0,,,7,4,0,PLAN,1,5,5,0,1,0,,,,1,10,ECHEC,CHARGES_INCOMPLETES,2,3,2,0,10,0,,2,0,1,0,,,,-999,0,473,,,,ATTEINT@76.8,INCOMPLET@469.94,,antenne:POSEE tour:ELEMENT_N_ARRIVE_PAS QG:POSEE,,0,0,218,,ACCEPTE,7bb707bca093,"VA0 - L ASSAUT SEUL, palier 4, appui sur sa position de tir, feu_avant 0 ; VA0 et VA1 se lisent ensemble ou pas du tout."
2026-09-10_1505_chacal/g8_r1,/mnt/data/hmt/runs/2026-09-10_1505_chacal/g8_r1/serveur.rpt,1,2026-09-10_1505_chacal,g8_r1,2026-09-10,0,VA0,VA0,,,8,4,0,PLAN,1,5,5,0,1,0,,,,1,10,ECHEC,EXFIL_MANQUEE,3,3,3,0,10,0,,3,0,1,1,65.97,ENNEMI_VU_EN_COMBAT,5,-6.49,0,385,,,,ATTEINT@25.58,ATTEINT@381.97,,antenne:POSEE tour:POSEE QG:POSEE,,0,0,299,,ACCEPTE,7bb707bca093,"VA0 - L ASSAUT SEUL, palier 4, appui sur sa position de tir, feu_avant 0 ; VA0 et VA1 se lisent ensemble ou pas du tout."
2026-09-10_1505_chacal/g8_r2,/mnt/data/hmt/runs/2026-09-10_1505_chacal/g8_r2/serveur.rpt,1,2026-09-10_1505_chacal,g8_r2,2026-09-10,0,VA0,VA0,,,8,4,0,PLAN,1,5,5,0,1,0,,,,1,10,ECHEC,EXFIL_MANQUEE,3,3,0,0,10,0,,4,0,1,1,232.4,ENNEMI_VU_EN_COMBAT,5,94.62,0,614,,,,ATTEINT@26.29,ATTEINT@609.81,,antenne:POSEE tour:POSEE QG:POSEE,,0,0,299,,ACCEPTE,7bb707bca093,"VA0 - L ASSAUT SEUL, palier 4, appui sur sa position de tir, feu_avant 0 ; VA0 et VA1 se lisent ensemble ou pas du tout."
2026-09-10_1505_chacal/g8_r3,/mnt/data/hmt/runs/2026-09-10_1505_chacal/g8_r3/serveur.rpt,1,2026-09-10_1505_chacal,g8_r3,2026-09-10,0,VA0,VA0,,,8,4,0,PLAN,1,5,5,0,1,0,,,,1,10,ECHEC,CHARGES_INCOMPLETES,2,3,2,0,9,1,CHEF,4,0,1,1,179.45,ENNEMI_VU_EN_COMBAT,5,17.31,0,450,,,,ATTEINT@25.66,INCOMPLET@447.24,,antenne:POSEE tour:ELEMENT_N_ARRIVE_PAS QG:POSEE,,0,0,299,,ACCEPTE,7bb707bca093,"VA0 - L ASSAUT SEUL, palier 4, appui sur sa position de tir, feu_avant 0 ; VA0 et VA1 se lisent ensemble ou pas du tout."
2026-09-10_1505_chacal/g8_r4,/mnt/data/hmt/runs/2026-09-10_1505_chacal/g8_r4/serveur.rpt,1,2026-09-10_1505_chacal,g8_r4,2026-09-10,0,VA0,VA0,,,8,4,0,PLAN,1,5,5,0,1,0,,,,1,10,ECHEC,CHARGES_INCOMPLETES,0,3,0,0,9,1,DEMO_1,3,0,1,1,187.63,ENNEMI_VU_EN_COMBAT,5,1.3,0,527,,,,ATTEINT@25.75,INCOMPLET@523.6,,antenne:PORTEUR_N_ARRIVE_PAS tour:PORTEUR_N_ARRIVE_PAS QG:PORTEUR_N_ARRIVE_PAS,,0,0,299,,ACCEPTE,7bb707bca093,"VA0 - L ASSAUT SEUL, palier 4, appui sur sa position de tir, feu_avant 0 ; VA0 et VA1 se lisent ensemble ou pas du tout."
2026-09-10_1505_chacal/g8_r5,/mnt/data/hmt/runs/2026-09-10_1505_chacal/g8_r5/serveur.rpt,1,2026-09-10_1505_chacal,g8_r5,2026-09-10,0,VA0,VA0,,,8,4,0,PLAN,1,5,5,0,1,0,,,,1,10,ECHEC,CHARGES_INCOMPLETES,2,3,0,0,8,2,CHEF ADJOINT,4,0,1,1,232.03,ENNEMI_VU_EN_COMBAT,5,104.79,0,613,,,,ATTEINT@25.7,INCOMPLET@608.48,,antenne:POSEE tour:PORTEUR_N_ARRIVE_PAS QG:POSEE,,0,0,299,,ACCEPTE,7bb707bca093,"VA0 - L ASSAUT SEUL, palier 4, appui sur sa position de tir, feu_avant 0 ; VA0 et VA1 se lisent ensemble ou pas du tout."
2026-09-10_1515_chacal/g7_r1,/mnt/data/hmt/runs/2026-09-10_1515_chacal/g7_r1/serveur.rpt,1,2026-09-10_1515_chacal,g7_r1,2026-09-10,0,VA1,VA1,,,7,4,0,PLAN,1,5,5,0,1,1,,,,1,10,ECHEC,CHARGES_INCOMPLETES,2,3,0,0,7,3,ADJOINT DEMO_2 DEMO_1,3,0,1,1,258.55,ENNEMI_VU_EN_COMBAT,5,-11.19,0,590,,,,ATTEINT@76.9,INCOMPLET@585.85,,antenne:POSEE tour:POSEE QG:AUCUN_PORTEUR_VIVANT,,0,8,218,,ACCEPTE,7bb707bca093,"VA1 - L ASSAUT SEUL, palier 4, appui sur sa position de tir, feu_avant 1 ; VA0 et VA1 se lisent ensemble ou pas du tout."
2026-09-10_1515_chacal/g7_r2,/mnt/data/hmt/runs/2026-09-10_1515_chacal/g7_r2/serveur.rpt,1,2026-09-10_1515_chacal,g7_r2,2026-09-10,0,VA1,VA1,,,7,4,0,PLAN,1,5,5,0,1,1,,,,1,10,ECHEC,CHARGES_INCOMPLETES,1,3,1,0,5,5,DEMO_2 DEMO_1 ADJOINT CHEF MEDECIN,1,0,1,1,331.25,FEU_PROCHE,5,-1.68,0,382,,,,ATTEINT@76.46,INCOMPLET@377.92,,antenne:POSEE tour:AUCUN_PORTEUR_VIVANT QG:AUCUN_PORTEUR_VIVANT,,0,0,218,,ACCEPTE,7bb707bca093,"VA1 - L ASSAUT SEUL, palier 4, appui sur sa position de tir, feu_avant 1 ; VA0 et VA1 se lisent ensemble ou pas du tout."
2026-09-10_1515_chacal/g7_r3,/mnt/data/hmt/runs/2026-09-10_1515_chacal/g7_r3/serveur.rpt,1,2026-09-10_1515_chacal,g7_r3,2026-09-10,0,VA1,VA1,,,7,4,0,PLAN,1,5,5,0,1,1,,,,1,10,ECHEC,CHARGES_INCOMPLETES,0,3,0,0,10,0,,2,0,1,1,135.51,ENNEMI_VU_EN_COMBAT,5,-33.98,0,826,,,,ATTEINT@76.87,INCOMPLET@820.76,,antenne:ELEMENT_N_ARRIVE_PAS tour:ELEMENT_N_ARRIVE_PAS QG:ELEMENT_N_ARRIVE_PAS,,1,25,218,,ACCEPTE,7bb707bca093,"VA1 - L ASSAUT SEUL, palier 4, appui sur sa position de tir, feu_avant 1 ; VA0 et VA1 se lisent ensemble ou pas du tout."
2026-09-10_1515_chacal/g7_r4,/mnt/data/hmt/runs/2026-09-10_1515_chacal/g7_r4/serveur.rpt,1,2026-09-10_1515_chacal,g7_r4,2026-09-10,0,VA1,VA1,,,7,4,0,PLAN,1,5,5,0,1,1,,,,1,10,ECHEC,EXFIL_MANQUEE,3,3,3,0,9,1,ADJOINT,3,0,1,1,315.75,ENNEMI_VU_EN_COMBAT,5,-47.15,0,506,,,,ATTEINT@76.93,ATTEINT@501.63,,antenne:POSEE tour:POSEE QG:POSEE,,0,16,218,,ACCEPTE,7bb707bca093,"VA1 - L ASSAUT SEUL, palier 4, appui sur sa position de tir, feu_avant 1 ; VA0 et VA1 se lisent ensemble ou pas du tout."
2026-09-10_1515_chacal/g7_r5,/mnt/data/hmt/runs/2026-09-10_1515_chacal/g7_r5/serveur.rpt,1,2026-09-10_1515_chacal,g7_r5,2026-09-10,0,VA1,VA1,,,7,4,0,PLAN,1,5,5,0,1,1,,,,1,10,ECHEC,EXFIL_MANQUEE,3,3,3,0,8,2,TIREUR_1 TIREUR_2,2,0,1,1,171.79,ENNEMI_VU_EN_COMBAT,5,-17.23,0,559,,,,ATTEINT@77.05,ATTEINT@555.56,,antenne:POSEE tour:POSEE QG:POSEE,,2,18,218,,ACCEPTE,7bb707bca093,"VA1 - L ASSAUT SEUL, palier 4, appui sur sa position de tir, feu_avant 1 ; VA0 et VA1 se lisent ensemble ou pas du tout."
2026-09-10_1515_chacal/g8_r1,/mnt/data/hmt/runs/2026-09-10_1515_chacal/g8_r1/serveur.rpt,1,2026-09-10_1515_chacal,g8_r1,2026-09-10,0,VA1,VA1,,,8,4,0,PLAN,1,5,5,0,1,1,,,,1,10,ECHEC,CHARGES_INCOMPLETES,2,3,2,0,7,3,DEMO_1 DEMO_2 MEDECIN,4,0,1,1,104.43,ENNEMI_VU_EN_COMBAT,5,-21.49,0,438,,,,ATTEINT@25.67,INCOMPLET@434.74,,antenne:POSEE tour:PORTEUR_N_ARRIVE_PAS QG:POSEE,,5,34,299,,ACCEPTE,7bb707bca093,"VA1 - L ASSAUT SEUL, palier 4, appui sur sa position de tir, feu_avant 1 ; VA0 et VA1 se lisent ensemble ou pas du tout."
2026-09-10_1515_chacal/g8_r2,/mnt/data/hmt/runs/2026-09-10_1515_chacal/g8_r2/serveur.rpt,1,2026-09-10_1515_chacal,g8_r2,2026-09-10,0,VA1,VA1,,,8,4,0,PLAN,1,5,5,0,1,1,,,,1,10,ECHEC,CHARGES_INCOMPLETES,1,3,1,0,6,4,DEMO_1 CHEF TIREUR_2 MEDECIN,3,0,1,1,45.79,ENNEMI_VU_EN_COMBAT,5,-68.61,0,413,,,,ATTEINT@25.72,INCOMPLET@408.27,,antenne:POSEE tour:PORTEUR_N_ARRIVE_PAS QG:PORTEUR_N_ARRIVE_PAS,,6,59,299,,ACCEPTE,7bb707bca093,"VA1 - L ASSAUT SEUL, palier 4, appui sur sa position de tir, feu_avant 1 ; VA0 et VA1 se lisent ensemble ou pas du tout."
2026-09-10_1515_chacal/g8_r3,/mnt/data/hmt/runs/2026-09-10_1515_chacal/g8_r3/serveur.rpt,1,2026-09-10_1515_chacal,g8_r3,2026-09-10,0,VA1,VA1,,,8,4,0,PLAN,1,5,5,0,1,1,,,,1,10,ECHEC,EXFIL_MANQUEE,3,3,0,0,8,2,CHEF DEMO_2,3,0,1,1,45.8,ENNEMI_VU_EN_COMBAT,5,-94.48,0,486,,,,ATTEINT@25.77,ATTEINT@482.97,,antenne:POSEE tour:POSEE QG:POSEE,,6,16,299,,ACCEPTE,7bb707bca093,"VA1 - L ASSAUT SEUL, palier 4, appui sur sa position de tir, feu_avant 1 ; VA0 et VA1 se lisent ensemble ou pas du tout."
2026-09-10_1515_chacal/g8_r4,/mnt/data/hmt/runs/2026-09-10_1515_chacal/g8_r4/serveur.rpt,1,2026-09-10_1515_chacal,g8_r4,2026-09-10,0,VA1,VA1,,,8,4,0,PLAN,1,5,5,0,1,1,,,,1,10,ECHEC,EXFIL_MANQUEE,3,3,3,0,7,3,MEDECIN DEMO_1 ADJOINT,3,0,1,1,140.26,ENNEMI_VU_EN_COMBAT,5,-17.33,0,473,,,,ATTEINT@25.64,ATTEINT@469.06,,antenne:POSEE tour:POSEE QG:POSEE,,3,45,299,,ACCEPTE,7bb707bca093,"VA1 - L ASSAUT SEUL, palier 4, appui sur sa position de tir, feu_avant 1 ; VA0 et VA1 se lisent ensemble ou pas du tout."
2026-09-10_1515_chacal/g8_r5,/mnt/data/hmt/runs/2026-09-10_1515_chacal/g8_r5/serveur.rpt,1,2026-09-10_1515_chacal,g8_r5,2026-09-10,0,VA1,VA1,,,8,4,0,PLAN,1,5,5,0,1,1,,,,1,10,ECHEC,EXFIL_MANQUEE,3,3,3,0,10,0,,2,0,1,1,234.74,FEU_PROCHE,5,11.97,0,313,,,,ATTEINT@25.7,ATTEINT@309.78,,antenne:POSEE tour:POSEE QG:POSEE,,2,14,299,,ACCEPTE,7bb707bca093,"VA1 - L ASSAUT SEUL, palier 4, appui sur sa position de tir, feu_avant 1 ; VA0 et VA1 se lisent ensemble ou pas du tout."
2026-09-10_1525_chacal/g7_r1,/mnt/data/hmt/runs/2026-09-10_1525_chacal/g7_r1/serveur.rpt,1,2026-09-10_1525_chacal,g7_r1,2026-09-10,0,F1,F1,,,7,4,0,PLAN,0,1,6,0,1,1,,,,1,10,SUCCES,CHARGES_ET_EXFIL,3,3,0,6,10,0,,2,0,1,1,5017.5,ENNEMI_VU_EN_COMBAT,5,28.79,0,5901,ATTEINT@229.33,ATTEINT@2517.17,RENSEIGNEMENT_PAUVRE@4449.33,ATTEINT@4778.87,ATTEINT@5387.96,ATTEINT@5897.2,antenne:POSEE tour:POSEE QG:POSEE,,0,9,212,,ACCEPTE,7bb707bca093,"F1 - MISSION COMPLETE avec le plan de Fable, apparie a A1 du 10/09 (seul feu_avant change ; A1 = 1 sur 4). Le bout en bo"
2026-09-10_1525_chacal/g7_r2,/mnt/data/hmt/runs/2026-09-10_1525_chacal/g7_r2/serveur.rpt,1,2026-09-10_1525_chacal,g7_r2,2026-09-10,0,F1,F1,,,7,4,0,PLAN,0,1,6,0,1,1,,,,1,10,SUCCES,CHARGES_ET_EXFIL,3,3,0,6,10,0,,3,0,1,1,4974.4,FEU_PROCHE,5,-1.13,0,5856,ATTEINT@227.03,ATTEINT@2531.52,RENSEIGNEMENT_PAUVRE@4506.7,ATTEINT@4838.83,ATTEINT@5348.44,ATTEINT@5851.55,antenne:POSEE tour:POSEE QG:POSEE,,0,37,212,,ACCEPTE,7bb707bca093,"F1 - MISSION COMPLETE avec le plan de Fable, apparie a A1 du 10/09 (seul feu_avant change ; A1 = 1 sur 4). Le bout en bo"
2026-09-10_1525_chacal/g8_r1,/mnt/data/hmt/runs/2026-09-10_1525_chacal/g8_r1/serveur.rpt,1,2026-09-10_1525_chacal,g8_r1,2026-09-10,0,F1,F1,,,8,4,0,PLAN,0,1,6,0,1,1,,,,1,10,ABANDON,ARTICULATION_ROMPUE,0,3,0,3,10,0,,1,1,1,1,4545.51,ENNEMI_VU_EN_COMBAT,4,-3.74,1,7264,ATTEINT@186.3,ATTEINT@2757.11,RENSEIGNEMENT_PAUVRE@4465.27,COMPROMIS@4548.18,ARTICULATION_ROMPUE@4548.21,PLAFOND@7259.26,,,,,301,,ACCEPTE,7bb707bca093,"F1 - MISSION COMPLETE avec le plan de Fable, apparie a A1 du 10/09 (seul feu_avant change ; A1 = 1 sur 4). Le bout en bo"
2026-09-10_1525_chacal/g8_r2,/mnt/data/hmt/runs/2026-09-10_1525_chacal/g8_r2/serveur.rpt,1,2026-09-10_1525_chacal,g8_r2,2026-09-10,0,F1,F1,,,8,4,0,PLAN,0,1,6,0,1,1,,,,1,10,ABANDON,ARTICULATION_ROMPUE,0,3,0,6,10,0,,2,2,1,1,4396.33,ENNEMI_VU_EN_COMBAT,4,-6.35,1,6897,ATTEINT@187.41,ATTEINT@2672.1,RENSEIGNEMENT_PAUVRE@4378.16,COMPROMIS@4396.86,ARTICULATION_ROMPUE@4396.9,ATTEINT@6892.94,,,,,301,,ACCEPTE,7bb707bca093,"F1 - MISSION COMPLETE avec le plan de Fable, apparie a A1 du 10/09 (seul feu_avant change ; A1 = 1 sur 4). Le bout en bo"
2026-09-11_0918_chacal/g8_r1,/mnt/data/hmt/runs/2026-09-11_0918_chacal/g8_r1/serveur.rpt,2,2026-09-11_0918_chacal,g8_r1,2026-09-11,0,V1,V1,1,G8-FABLE-11-09,8,4,0,PLAN,1,3,6,0,0,0,0,45,0,0,10,ECHEC,EXFIL_MANQUEE,3,3,0,5,10,0,,4,2,1,1,2200.54,FEU_PROCHE,5,1.78,0,4225,,,RENSEIGNEMENT_PAUVRE@1744.69,ATTEINT@2062.88,ATTEINT@2685.14,PLAFOND@4221.19,antenne:POSEE tour:POSEE QG:POSEE,antenne:18s tour:19s QG:15s,0,0,,,ACCEPTE,4ceff17befbb,"V1 - CAMPAGNE GRAINE 8 (Fable, 11/09). REF-C rejouee : mission depuis le regroupement, appui a l observatoire, tout a 0."
2026-09-11_0918_chacal/g8_r2,/mnt/data/hmt/runs/2026-09-11_0918_chacal/g8_r2/serveur.rpt,2,2026-09-11_0918_chacal,g8_r2,2026-09-11,0,V1,V1,1,G8-FABLE-11-09,8,4,0,PLAN,1,3,6,0,0,0,0,45,0,0,10,ECHEC,CHARGES_INCOMPLETES,1,3,1,5,5,5,CHEF DEMO_1 ADJOINT DEMO_2 MEDECIN,3,1,1,1,2135.1,ENNEMI_VU_EN_COMBAT,5,-1.57,0,3846,,,RENSEIGNEMENT_PAUVRE@1708.68,ATTEINT@2024.19,INCOMPLET@2280.27,PLAFOND@3842.26,antenne:POSEE tour:ELEMENT_N_ARRIVE_PAS,antenne:8s,0,0,,,ACCEPTE,4ceff17befbb,"V1 - CAMPAGNE GRAINE 8 (Fable, 11/09). REF-C rejouee : mission depuis le regroupement, appui a l observatoire, tout a 0."
2026-09-11_0919_chacal/g8_r1,/mnt/data/hmt/runs/2026-09-11_0919_chacal/g8_r1/serveur.rpt,2,2026-09-11_0919_chacal,g8_r1,2026-09-11,1,,V7,,G8-FABLE-11-09,8,4,0,PLAN,1,3,4,0,1,0,0,45,0,1,10,ECHEC,CHARGES_INCOMPLETES,0,3,0,0,10,0,,0,2,0,0,,,,-999,0,2058,,,RENSEIGNEMENT_PAUVRE@1732.29,ATTEINT@2053.45,,,,,,,301,,,4ceff17befbb,"V8 - CAMPAGNE GRAINE 8 (Fable, 11/09). REF-B + TENIR, jusqu a l assaut. Question : repere mais tenant, l appui tire-t-il"
2026-09-11_0920_chacal/g8_r1,/mnt/data/hmt/runs/2026-09-11_0920_chacal/g8_r1/serveur.rpt,2,2026-09-11_0920_chacal,g8_r1,2026-09-11,1,,V9,,G8-FABLE-11-09,8,4,0,PLAN,1,3,4,0,1,0,0,45,1,1,10,ECHEC,CHARGES_INCOMPLETES,0,3,0,0,10,0,,0,2,0,0,,,,-999,0,2028,,,RENSEIGNEMENT_PAUVRE@1711.5,ATTEINT@2023.38,,,,,,,301,,,4ceff17befbb,"V5 - CAMPAGNE GRAINE 8 (Fable, 11/09). REF-A + mitrailleuse Mk200 a l adjoint de l assaut. Question : le defenseur seul "
2026-09-11_0920_chacal/g8_r1_e9377d0f89,/mnt/data/hmt/archive/sauvetage_g8/runs/2026-09-11_0920_chacal/g8_r1_e9377d0f89.rpt,1,2026-09-11_0920_chacal,g8_r1_e9377d0f89,2026-09-11,1,,V5,,G8-FABLE-11-09,8,4,0,PLAN,1,5,5,0,1,0,1,45,0,1,10,ECHEC,CHARGES_INCOMPLETES,2,3,2,0,10,0,,3,0,1,1,201.91,ENNEMI_VU_EN_COMBAT,5,67.67,0,426,,,,ATTEINT@26.16,INCOMPLET@421.46,,antenne:POSEE tour:PORTEUR_N_ARRIVE_PAS QG:POSEE,antenne:8s tour:45s QG:14s,0,0,299,200,,4ceff17befbb,"V5 - CAMPAGNE GRAINE 8 (Fable, 11/09). REF-A + mitrailleuse Mk200 a l adjoint de l assaut. Question : le defenseur seul "
2026-09-11_0920_chacal/g8_r2,/mnt/data/hmt/runs/2026-09-11_0920_chacal/g8_r2/serveur.rpt,2,2026-09-11_0920_chacal,g8_r2,2026-09-11,1,,V5,,G8-FABLE-11-09,8,4,0,PLAN,1,5,5,0,1,0,1,45,0,1,10,ECHEC,CHARGES_INCOMPLETES,1,3,1,0,9,1,CHEF,2,0,1,1,106.57,ENNEMI_VU_EN_COMBAT,5,-4.02,0,509,,,,ATTEINT@26.23,INCOMPLET@504.72,,antenne:POSEE tour:ELEMENT_N_ARRIVE_PAS QG:ELEMENT_N_ARRIVE_PAS,antenne:5s,0,0,299,200,,4ceff17befbb,"V5 - CAMPAGNE GRAINE 8 (Fable, 11/09). REF-A + mitrailleuse Mk200 a l adjoint de l assaut. Question : le defenseur seul "
2026-09-11_0920_chacal/g8_r3,/mnt/data/hmt/runs/2026-09-11_0920_chacal/g8_r3/serveur.rpt,2,2026-09-11_0920_chacal,g8_r3,2026-09-11,1,,V5,,G8-FABLE-11-09,8,4,0,PLAN,1,5,5,0,1,0,1,45,0,1,10,ECHEC,CHARGES_INCOMPLETES,2,3,2,0,10,0,,4,0,1,1,245.97,ENNEMI_VU_EN_COMBAT,5,120.31,0,467,,,,ATTEINT@25.94,INCOMPLET@462.88,,antenne:POSEE tour:ELEMENT_N_ARRIVE_PAS QG:POSEE,antenne:7s QG:10s,0,0,299,200,,4ceff17befbb,"V5 - CAMPAGNE GRAINE 8 (Fable, 11/09). REF-A + mitrailleuse Mk200 a l adjoint de l assaut. Question : le defenseur seul "
2026-09-11_0920_chacal/g8_r4,/mnt/data/hmt/runs/2026-09-11_0920_chacal/g8_r4/serveur.rpt,2,2026-09-11_0920_chacal,g8_r4,2026-09-11,1,,V5,,G8-FABLE-11-09,8,4,0,PLAN,1,5,5,0,1,0,1,45,0,1,10,ECHEC,EXFIL_MANQUEE,3,3,3,0,9,1,CHEF,3,0,1,1,102.43,ENNEMI_VU_EN_COMBAT,5,-3.95,0,395,,,,ATTEINT@25.94,ATTEINT@390.31,,antenne:POSEE tour:POSEE QG:POSEE,antenne:36s tour:1s QG:14s,0,0,299,200,,4ceff17befbb,"V5 - CAMPAGNE GRAINE 8 (Fable, 11/09). REF-A + mitrailleuse Mk200 a l adjoint de l assaut. Question : le defenseur seul "
2026-09-11_100018_chacal_i2/g8_r1,/mnt/data/hmt/runs/2026-09-11_100018_chacal_i2/g8_r1/serveur.rpt,2,2026-09-11_100018_chacal_i2,g8_r1,2026-09-11,0,V2,V2,1,G8-FABLE-11-09,8,4,0,PLAN,1,5,5,0,1,0,0,45,0,1,10,ECHEC,EXFIL_MANQUEE,3,3,3,0,10,0,,3,0,1,1,181.13,ENNEMI_VU_EN_COMBAT,5,23.61,0,603,,,,ATTEINT@26.36,ATTEINT@599.52,,antenne:POSEE tour:POSEE QG:POSEE,antenne:6s tour:7s QG:16s,0,0,299,,ACCEPTE,4ceff17befbb,"V2 - CAMPAGNE GRAINE 8 (Fable, 11/09). REF-A rejouee : assaut seul, appui deja sur sa position de tir, sans feu avant. Q"
2026-09-11_100018_chacal_i2/g8_r10,/mnt/data/hmt/runs/2026-09-11_100018_chacal_i2/g8_r10/serveur.rpt,2,2026-09-11_100018_chacal_i2,g8_r10,2026-09-11,0,V2,V2,1,G8-FABLE-11-09,8,4,0,PLAN,1,5,5,0,1,0,0,45,0,1,10,ECHEC,CHARGES_INCOMPLETES,1,3,1,0,5,5,ADJOINT MEDECIN DEMO_2 DEMO_1 CHEF,2,0,1,1,151.42,ENNEMI_VU_EN_COMBAT,5,7.45,0,309,,,,ATTEINT@26.84,INCOMPLET@304.02,,antenne:POSEE tour:PORTEUR_N_ARRIVE_PAS QG:PORTEUR_N_ARRIVE_PAS,antenne:3s tour:45s QG:3s,0,0,299,,ACCEPTE,4ceff17befbb,"V2 - CAMPAGNE GRAINE 8 (Fable, 11/09). REF-A rejouee : assaut seul, appui deja sur sa position de tir, sans feu avant. Q"
2026-09-11_100018_chacal_i2/g8_r2,/mnt/data/hmt/runs/2026-09-11_100018_chacal_i2/g8_r2/serveur.rpt,2,2026-09-11_100018_chacal_i2,g8_r2,2026-09-11,0,V2,V2,1,G8-FABLE-11-09,8,4,0,PLAN,1,5,5,0,1,0,0,45,0,1,10,ECHEC,EXFIL_MANQUEE,3,3,3,0,9,1,CHEF,4,0,1,1,134.1,FEU_PROCHE,5,-4,0,432,,,,ATTEINT@25.97,ATTEINT@428.72,,antenne:POSEE tour:POSEE QG:POSEE,antenne:19s tour:11s QG:16s,0,0,299,,ACCEPTE,4ceff17befbb,"V2 - CAMPAGNE GRAINE 8 (Fable, 11/09). REF-A rejouee : assaut seul, appui deja sur sa position de tir, sans feu avant. Q"
2026-09-11_100018_chacal_i2/g8_r3,/mnt/data/hmt/runs/2026-09-11_100018_chacal_i2/g8_r3/serveur.rpt,2,2026-09-11_100018_chacal_i2,g8_r3,2026-09-11,0,V2,V2,1,G8-FABLE-11-09,8,4,0,PLAN,1,5,5,0,1,0,0,45,0,1,10,ECHEC,EXFIL_MANQUEE,3,3,3,0,10,0,,4,0,1,1,92.56,ENNEMI_VU_EN_COMBAT,5,-17.12,0,397,,,,ATTEINT@26.22,ATTEINT@393.23,,antenne:POSEE tour:POSEE QG:POSEE,antenne:16s tour:4s QG:12s,0,0,299,,ACCEPTE,4ceff17befbb,"V2 - CAMPAGNE GRAINE 8 (Fable, 11/09). REF-A rejouee : assaut seul, appui deja sur sa position de tir, sans feu avant. Q"
2026-09-11_100018_chacal_i2/g8_r4,/mnt/data/hmt/runs/2026-09-11_100018_chacal_i2/g8_r4/serveur.rpt,2,2026-09-11_100018_chacal_i2,g8_r4,2026-09-11,0,V2,V2,1,G8-FABLE-11-09,8,4,0,PLAN,1,5,5,0,1,0,0,45,0,1,10,ECHEC,CHARGES_INCOMPLETES,2,3,2,0,6,4,CHEF MEDECIN DEMO_1 DEMO_2,3,0,1,1,153.97,FEU_PROCHE,5,-0.5,0,423,,,,ATTEINT@26.17,INCOMPLET@419.63,,antenne:POSEE tour:POSEE QG:AUCUN_PORTEUR_VIVANT,antenne:9s tour:23s,0,0,299,,ACCEPTE,4ceff17befbb,"V2 - CAMPAGNE GRAINE 8 (Fable, 11/09). REF-A rejouee : assaut seul, appui deja sur sa position de tir, sans feu avant. Q"
2026-09-11_100018_chacal_i2/g8_r5,/mnt/data/hmt/runs/2026-09-11_100018_chacal_i2/g8_r5/serveur.rpt,2,2026-09-11_100018_chacal_i2,g8_r5,2026-09-11,0,V2,V2,1,G8-FABLE-11-09,8,4,0,PLAN,1,5,5,0,1,0,0,45,0,1,10,ECHEC,CHARGES_INCOMPLETES,0,3,0,0,6,4,CHEF DEMO_1 DEMO_2 ADJOINT,4,0,1,1,100.76,ENNEMI_VU_EN_COMBAT,5,-2.92,0,510,,,,ATTEINT@26.22,INCOMPLET@506.32,,antenne:AUCUN_PORTEUR_VIVANT tour:AUCUN_PORTEUR_VIVANT QG:AUCUN_PORTEUR_VIVANT,,0,0,299,,ACCEPTE,4ceff17befbb,"V2 - CAMPAGNE GRAINE 8 (Fable, 11/09). REF-A rejouee : assaut seul, appui deja sur sa position de tir, sans feu avant. Q"
2026-09-11_100018_chacal_i2/g8_r6,/mnt/data/hmt/runs/2026-09-11_100018_chacal_i2/g8_r6/serveur.rpt,2,2026-09-11_100018_chacal_i2,g8_r6,2026-09-11,0,V2,V2,1,G8-FABLE-11-09,8,4,0,PLAN,1,5,5,0,1,0,0,45,0,1,10,ECHEC,EXFIL_MANQUEE,3,3,3,0,9,1,CHEF,3,0,1,1,156.69,ENNEMI_VU_EN_COMBAT,5,23,0,379,,,,ATTEINT@25.96,ATTEINT@374.29,,antenne:POSEE tour:POSEE QG:POSEE,antenne:1s tour:1s QG:17s,0,0,299,,ACCEPTE,4ceff17befbb,"V2 - CAMPAGNE GRAINE 8 (Fable, 11/09). REF-A rejouee : assaut seul, appui deja sur sa position de tir, sans feu avant. Q"
2026-09-11_100018_chacal_i2/g8_r7,/mnt/data/hmt/runs/2026-09-11_100018_chacal_i2/g8_r7/serveur.rpt,2,2026-09-11_100018_chacal_i2,g8_r7,2026-09-11,0,V2,V2,1,G8-FABLE-11-09,8,4,0,PLAN,1,5,5,0,1,0,0,45,0,1,10,ECHEC,CHARGES_INCOMPLETES,2,3,2,0,8,2,DEMO_2 CHEF,4,0,1,1,174.92,ENNEMI_VU_EN_COMBAT,5,7.18,0,445,,,,ATTEINT@34.81,INCOMPLET@440.91,,antenne:ELEMENT_N_ARRIVE_PAS tour:POSEE QG:POSEE,tour:11s QG:15s,0,0,299,,ACCEPTE,4ceff17befbb,"V2 - CAMPAGNE GRAINE 8 (Fable, 11/09). REF-A rejouee : assaut seul, appui deja sur sa position de tir, sans feu avant. Q"
2026-09-11_100018_chacal_i2/g8_r8,/mnt/data/hmt/runs/2026-09-11_100018_chacal_i2/g8_r8/serveur.rpt,2,2026-09-11_100018_chacal_i2,g8_r8,2026-09-11,0,V2,V2,1,G8-FABLE-11-09,8,4,0,PLAN,1,5,5,0,1,0,0,45,0,1,10,ECHEC,CHARGES_INCOMPLETES,2,3,2,0,6,4,CHEF MEDECIN ADJOINT DEMO_1,3,0,1,1,199.52,FEU_PROCHE,5,58.29,0,547,,,,ATTEINT@26.4,INCOMPLET@541.76,,antenne:POSEE tour:ELEMENT_N_ARRIVE_PAS QG:POSEE,antenne:7s QG:12s,0,0,299,,ACCEPTE,4ceff17befbb,"V2 - CAMPAGNE GRAINE 8 (Fable, 11/09). REF-A rejouee : assaut seul, appui deja sur sa position de tir, sans feu avant. Q"
2026-09-11_100018_chacal_i2/g8_r9,/mnt/data/hmt/runs/2026-09-11_100018_chacal_i2/g8_r9/serveur.rpt,2,2026-09-11_100018_chacal_i2,g8_r9,2026-09-11,0,V2,V2,1,G8-FABLE-11-09,8,4,0,PLAN,1,5,5,0,1,0,0,45,0,1,10,ECHEC,CHARGES_INCOMPLETES,1,3,1,0,6,4,DEMO_1 ADJOINT CHEF DEMO_2,3,0,1,1,128.64,ENNEMI_VU_EN_COMBAT,5,-2.9,0,417,,,,ATTEINT@26,INCOMPLET@412.49,,antenne:POSEE tour:AUCUN_PORTEUR_VIVANT QG:AUCUN_PORTEUR_VIVANT,antenne:4s,0,0,299,,ACCEPTE,4ceff17befbb,"V2 - CAMPAGNE GRAINE 8 (Fable, 11/09). REF-A rejouee : assaut seul, appui deja sur sa position de tir, sans feu avant. Q"
2026-09-11_100058_chacal_i4/g8_r1,/mnt/data/hmt/runs/2026-09-11_100058_chacal_i4/g8_r1/serveur.rpt,2,2026-09-11_100058_chacal_i4,g8_r1,2026-09-11,0,V4,V4,1,G8-FABLE-11-09,8,4,1,PLAN,1,5,5,0,1,0,0,45,0,1,10,ECHEC,CHARGES_INCOMPLETES,2,3,2,0,9,1,DEMO_2,4,0,1,1,207.2,ENNEMI_VU_EN_COMBAT,5,33.95,0,399,,,,ATTEINT@25.87,INCOMPLET@394.72,,antenne:POSEE tour:PORTEUR_N_ARRIVE_PAS QG:POSEE,antenne:16s tour:45s QG:11s,0,0,299,,ACCEPTE,4ceff17befbb,"V4 - CAMPAGNE GRAINE 8 (Fable, 11/09). REF-A + jour. Question : la nuit est-elle la cause du porteur qui n arrive pas ? "
2026-09-11_100058_chacal_i4/g8_r10,/mnt/data/hmt/runs/2026-09-11_100058_chacal_i4/g8_r10/serveur.rpt,2,2026-09-11_100058_chacal_i4,g8_r10,2026-09-11,0,V4,V4,1,G8-FABLE-11-09,8,4,1,PLAN,1,5,5,0,1,0,0,45,0,1,10,ECHEC,CHARGES_INCOMPLETES,0,3,0,0,9,1,CHEF,2,0,1,1,86.6,ENNEMI_VU_EN_COMBAT,5,-71.36,0,639,,,,ATTEINT@26.1,INCOMPLET@635.13,,antenne:ELEMENT_N_ARRIVE_PAS tour:ELEMENT_N_ARRIVE_PAS QG:ELEMENT_N_ARRIVE_PAS,,0,0,299,,ACCEPTE,4ceff17befbb,"V4 - CAMPAGNE GRAINE 8 (Fable, 11/09). REF-A + jour. Question : la nuit est-elle la cause du porteur qui n arrive pas ? "
2026-09-11_100058_chacal_i4/g8_r2,/mnt/data/hmt/runs/2026-09-11_100058_chacal_i4/g8_r2/serveur.rpt,2,2026-09-11_100058_chacal_i4,g8_r2,2026-09-11,0,V4,V4,1,G8-FABLE-11-09,8,4,1,PLAN,1,5,5,0,1,0,0,45,0,1,10,ECHEC,EXFIL_MANQUEE,3,3,0,0,10,0,,4,0,1,1,92.35,ENNEMI_VU_EN_COMBAT,5,-3.86,0,555,,,,ATTEINT@26,ATTEINT@551.95,,antenne:POSEE tour:POSEE QG:POSEE,antenne:7s tour:14s QG:22s,0,0,299,,ACCEPTE,4ceff17befbb,"V4 - CAMPAGNE GRAINE 8 (Fable, 11/09). REF-A + jour. Question : la nuit est-elle la cause du porteur qui n arrive pas ? "
2026-09-11_100058_chacal_i4/g8_r3,/mnt/data/hmt/runs/2026-09-11_100058_chacal_i4/g8_r3/serveur.rpt,2,2026-09-11_100058_chacal_i4,g8_r3,2026-09-11,0,V4,V4,1,G8-FABLE-11-09,8,4,1,PLAN,1,5,5,0,1,0,0,45,0,1,10,ECHEC,CHARGES_INCOMPLETES,2,3,2,0,9,1,CHEF,3,0,1,1,76.56,ENNEMI_VU_EN_COMBAT,5,-7.67,0,434,,,,ATTEINT@26.41,INCOMPLET@429.48,,antenne:ELEMENT_N_ARRIVE_PAS tour:POSEE QG:POSEE,tour:6s QG:9s,0,0,299,,ACCEPTE,4ceff17befbb,"V4 - CAMPAGNE GRAINE 8 (Fable, 11/09). REF-A + jour. Question : la nuit est-elle la cause du porteur qui n arrive pas ? "
2026-09-11_100058_chacal_i4/g8_r4,/mnt/data/hmt/runs/2026-09-11_100058_chacal_i4/g8_r4/serveur.rpt,2,2026-09-11_100058_chacal_i4,g8_r4,2026-09-11,0,V4,V4,1,G8-FABLE-11-09,8,4,1,PLAN,1,5,5,0,1,0,0,45,0,1,10,ECHEC,CHARGES_INCOMPLETES,2,3,2,0,9,1,CHEF,3,0,1,1,186.8,COUP_RECU,5,-5.4,0,420,,,,ATTEINT@26.21,INCOMPLET@416.42,,antenne:POSEE tour:PORTEUR_N_ARRIVE_PAS QG:POSEE,antenne:5s tour:45s QG:4s,0,0,299,,ACCEPTE,4ceff17befbb,"V4 - CAMPAGNE GRAINE 8 (Fable, 11/09). REF-A + jour. Question : la nuit est-elle la cause du porteur qui n arrive pas ? "
2026-09-11_100058_chacal_i4/g8_r5,/mnt/data/hmt/runs/2026-09-11_100058_chacal_i4/g8_r5/serveur.rpt,2,2026-09-11_100058_chacal_i4,g8_r5,2026-09-11,0,V4,V4,1,G8-FABLE-11-09,8,4,1,PLAN,1,5,5,0,1,0,0,45,0,1,10,ECHEC,EXFIL_MANQUEE,3,3,3,0,10,0,,3,0,1,1,145.01,ENNEMI_VU_EN_COMBAT,5,9.87,0,453,,,,ATTEINT@26.24,ATTEINT@448.34,,antenne:POSEE tour:POSEE QG:POSEE,antenne:19s tour:7s QG:13s,0,0,299,,ACCEPTE,4ceff17befbb,"V4 - CAMPAGNE GRAINE 8 (Fable, 11/09). REF-A + jour. Question : la nuit est-elle la cause du porteur qui n arrive pas ? "
2026-09-11_100058_chacal_i4/g8_r6,/mnt/data/hmt/runs/2026-09-11_100058_chacal_i4/g8_r6/serveur.rpt,2,2026-09-11_100058_chacal_i4,g8_r6,2026-09-11,0,V4,V4,1,G8-FABLE-11-09,8,4,1,PLAN,1,5,5,0,1,0,0,45,0,1,10,ECHEC,CHARGES_INCOMPLETES,1,3,1,0,6,4,DEMO_1 ADJOINT MEDECIN DEMO_2,3,0,1,1,144.69,ENNEMI_VU_EN_COMBAT,5,-2.64,0,657,,,,ATTEINT@26,INCOMPLET@652.51,,antenne:POSEE tour:PORTEUR_N_ARRIVE_PAS QG:PORTEUR_N_ARRIVE_PAS,antenne:12s tour:45s QG:45s,0,0,299,,ACCEPTE,4ceff17befbb,"V4 - CAMPAGNE GRAINE 8 (Fable, 11/09). REF-A + jour. Question : la nuit est-elle la cause du porteur qui n arrive pas ? "
2026-09-11_100058_chacal_i4/g8_r7,/mnt/data/hmt/runs/2026-09-11_100058_chacal_i4/g8_r7/serveur.rpt,2,2026-09-11_100058_chacal_i4,g8_r7,2026-09-11,0,V4,V4,1,G8-FABLE-11-09,8,4,1,PLAN,1,5,5,0,1,0,0,45,0,1,10,ECHEC,CHARGES_INCOMPLETES,1,3,1,0,5,5,CHEF ADJOINT MEDECIN DEMO_2 DEMO_1,2,0,1,1,94.52,ENNEMI_VU_EN_COMBAT,5,-4.17,0,358,,,,ATTEINT@26.42,INCOMPLET@354.26,,antenne:POSEE tour:ELEMENT_N_ARRIVE_PAS,antenne:1s,0,0,299,,ACCEPTE,4ceff17befbb,"V4 - CAMPAGNE GRAINE 8 (Fable, 11/09). REF-A + jour. Question : la nuit est-elle la cause du porteur qui n arrive pas ? "
2026-09-11_100058_chacal_i4/g8_r8,/mnt/data/hmt/runs/2026-09-11_100058_chacal_i4/g8_r8/serveur.rpt,2,2026-09-11_100058_chacal_i4,g8_r8,2026-09-11,0,V4,V4,1,G8-FABLE-11-09,8,4,1,PLAN,1,5,5,0,1,0,0,45,0,1,10,ECHEC,CHARGES_INCOMPLETES,2,3,2,0,8,2,ADJOINT MEDECIN,3,0,1,1,193.57,ENNEMI_VU_EN_COMBAT,5,-2.62,0,469,,,,ATTEINT@26.47,INCOMPLET@464.11,,antenne:POSEE tour:ELEMENT_N_ARRIVE_PAS QG:POSEE,antenne:18s QG:11s,0,0,299,,ACCEPTE,4ceff17befbb,"V4 - CAMPAGNE GRAINE 8 (Fable, 11/09). REF-A + jour. Question : la nuit est-elle la cause du porteur qui n arrive pas ? "
2026-09-11_100058_chacal_i4/g8_r9,/mnt/data/hmt/runs/2026-09-11_100058_chacal_i4/g8_r9/serveur.rpt,2,2026-09-11_100058_chacal_i4,g8_r9,2026-09-11,0,V4,V4,1,G8-FABLE-11-09,8,4,1,PLAN,1,5,5,0,1,0,0,45,0,1,10,ECHEC,EXFIL_MANQUEE,3,3,3,0,10,0,,4,0,1,1,128.78,ENNEMI_VU_EN_COMBAT,5,-30.84,0,552,,,,ATTEINT@25.95,ATTEINT@548.26,,antenne:POSEE tour:POSEE QG:POSEE,antenne:34s tour:17s QG:16s,0,0,299,,ACCEPTE,4ceff17befbb,"V4 - CAMPAGNE GRAINE 8 (Fable, 11/09). REF-A + jour. Question : la nuit est-elle la cause du porteur qui n arrive pas ? "
2026-09-11_100139_chacal_i5/g8_r1,/mnt/data/hmt/runs/2026-09-11_100139_chacal_i5/g8_r1/serveur.rpt,2,2026-09-11_100139_chacal_i5,g8_r1,2026-09-11,0,V6,V6,1,G8-FABLE-11-09,8,4,0,PLAN,1,5,5,0,1,0,0,120,0,1,10,ECHEC,CHARGES_INCOMPLETES,1,3,1,0,5,5,DEMO_2 MEDECIN DEMO_1 ADJOINT CHEF,2,0,1,1,240.98,FEU_PROCHE,5,62.01,0,366,,,,ATTEINT@26.25,INCOMPLET@362.96,,antenne:POSEE tour:ELEMENT_N_ARRIVE_PAS QG:ELEMENT_N_ARRIVE_PAS,antenne:16s,0,0,299,,ACCEPTE,4ceff17befbb,"V6 - CAMPAGNE GRAINE 8 (Fable, 11/09). REF-A + delai du porteur 45 -> 120 s. Question : lui manque-t-il du temps ou un c"
2026-09-11_100139_chacal_i5/g8_r10,/mnt/data/hmt/runs/2026-09-11_100139_chacal_i5/g8_r10/serveur.rpt,2,2026-09-11_100139_chacal_i5,g8_r10,2026-09-11,0,V6,V6,1,G8-FABLE-11-09,8,4,0,PLAN,1,5,5,0,1,0,0,120,0,1,10,ECHEC,EXFIL_MANQUEE,3,3,3,0,9,1,CHEF,4,0,1,1,130.92,ENNEMI_VU_EN_COMBAT,5,-64.17,0,479,,,,ATTEINT@26.14,ATTEINT@476.12,,antenne:POSEE tour:POSEE QG:POSEE,antenne:1s tour:6s QG:26s,0,0,299,,ACCEPTE,4ceff17befbb,"V6 - CAMPAGNE GRAINE 8 (Fable, 11/09). REF-A + delai du porteur 45 -> 120 s. Question : lui manque-t-il du temps ou un c"
2026-09-11_100139_chacal_i5/g8_r2,/mnt/data/hmt/runs/2026-09-11_100139_chacal_i5/g8_r2/serveur.rpt,2,2026-09-11_100139_chacal_i5,g8_r2,2026-09-11,0,V6,V6,1,G8-FABLE-11-09,8,4,0,PLAN,1,5,5,0,1,0,0,120,0,1,10,ECHEC,EXFIL_MANQUEE,3,3,3,0,7,3,CHEF MEDECIN DEMO_2,4,0,1,1,183.52,ENNEMI_VU_EN_COMBAT,5,33.33,0,442,,,,ATTEINT@25.99,ATTEINT@436.83,,antenne:POSEE tour:POSEE QG:POSEE,antenne:29s tour:55s QG:7s,0,0,299,,ACCEPTE,4ceff17befbb,"V6 - CAMPAGNE GRAINE 8 (Fable, 11/09). REF-A + delai du porteur 45 -> 120 s. Question : lui manque-t-il du temps ou un c"
2026-09-11_100139_chacal_i5/g8_r3,/mnt/data/hmt/runs/2026-09-11_100139_chacal_i5/g8_r3/serveur.rpt,2,2026-09-11_100139_chacal_i5,g8_r3,2026-09-11,0,V6,V6,1,G8-FABLE-11-09,8,4,0,PLAN,1,5,5,0,1,0,0,120,0,1,10,ECHEC,CHARGES_INCOMPLETES,1,3,1,0,9,1,DEMO_1,3,0,1,1,248.42,COUP_RECU,5,100.4,0,586,,,,ATTEINT@26.11,INCOMPLET@582.41,,antenne:POSEE tour:ELEMENT_N_ARRIVE_PAS QG:ELEMENT_N_ARRIVE_PAS,antenne:10s,0,0,299,,ACCEPTE,4ceff17befbb,"V6 - CAMPAGNE GRAINE 8 (Fable, 11/09). REF-A + delai du porteur 45 -> 120 s. Question : lui manque-t-il du temps ou un c"
2026-09-11_100139_chacal_i5/g8_r4,/mnt/data/hmt/runs/2026-09-11_100139_chacal_i5/g8_r4/serveur.rpt,2,2026-09-11_100139_chacal_i5,g8_r4,2026-09-11,0,V6,V6,1,G8-FABLE-11-09,8,4,0,PLAN,1,5,5,0,1,0,0,120,0,1,10,ECHEC,CHARGES_INCOMPLETES,2,3,0,0,9,1,DEMO_2,3,0,1,1,142.78,ENNEMI_VU_EN_COMBAT,5,-3.04,0,578,,,,ATTEINT@25.92,INCOMPLET@574.16,,antenne:POSEE tour:PORTEUR_N_ARRIVE_PAS QG:POSEE,antenne:1s tour:121s QG:10s,0,0,299,,ACCEPTE,4ceff17befbb,"V6 - CAMPAGNE GRAINE 8 (Fable, 11/09). REF-A + delai du porteur 45 -> 120 s. Question : lui manque-t-il du temps ou un c"
2026-09-11_100139_chacal_i5/g8_r5,/mnt/data/hmt/runs/2026-09-11_100139_chacal_i5/g8_r5/serveur.rpt,2,2026-09-11_100139_chacal_i5,g8_r5,2026-09-11,0,V6,V6,1,G8-FABLE-11-09,8,4,0,PLAN,1,5,5,0,1,0,0,120,0,1,10,ECHEC,EXFIL_MANQUEE,3,3,3,0,9,1,CHEF,4,0,1,1,137.42,ENNEMI_VU_EN_COMBAT,5,-1.07,0,403,,,,ATTEINT@26.5,ATTEINT@399.42,,antenne:POSEE tour:POSEE QG:POSEE,antenne:45s tour:1s QG:14s,0,0,299,,ACCEPTE,4ceff17befbb,"V6 - CAMPAGNE GRAINE 8 (Fable, 11/09). REF-A + delai du porteur 45 -> 120 s. Question : lui manque-t-il du temps ou un c"
2026-09-11_100139_chacal_i5/g8_r6,/mnt/data/hmt/runs/2026-09-11_100139_chacal_i5/g8_r6/serveur.rpt,2,2026-09-11_100139_chacal_i5,g8_r6,2026-09-11,0,V6,V6,1,G8-FABLE-11-09,8,4,0,PLAN,1,5,5,0,1,0,0,120,0,1,10,ECHEC,EXFIL_MANQUEE,3,3,3,0,10,0,,3,0,1,1,191.74,ENNEMI_VU_EN_COMBAT,5,-3.65,0,393,,,,ATTEINT@26.33,ATTEINT@389.19,,antenne:POSEE tour:POSEE QG:POSEE,antenne:12s tour:1s QG:21s,0,0,299,,ACCEPTE,4ceff17befbb,"V6 - CAMPAGNE GRAINE 8 (Fable, 11/09). REF-A + delai du porteur 45 -> 120 s. Question : lui manque-t-il du temps ou un c"
2026-09-11_100139_chacal_i5/g8_r7,/mnt/data/hmt/runs/2026-09-11_100139_chacal_i5/g8_r7/serveur.rpt,2,2026-09-11_100139_chacal_i5,g8_r7,2026-09-11,0,V6,V6,1,G8-FABLE-11-09,8,4,0,PLAN,1,5,5,0,1,0,0,120,0,1,10,ECHEC,CHARGES_INCOMPLETES,2,3,2,0,8,2,CHEF DEMO_2,4,0,1,1,107.68,ENNEMI_VU_EN_COMBAT,5,-1.51,0,502,,,,ATTEINT@36,INCOMPLET@498.01,,antenne:PORTEUR_N_ARRIVE_PAS tour:POSEE QG:POSEE,antenne:120s tour:13s QG:20s,0,0,299,,ACCEPTE,4ceff17befbb,"V6 - CAMPAGNE GRAINE 8 (Fable, 11/09). REF-A + delai du porteur 45 -> 120 s. Question : lui manque-t-il du temps ou un c"
2026-09-11_100139_chacal_i5/g8_r8,/mnt/data/hmt/runs/2026-09-11_100139_chacal_i5/g8_r8/serveur.rpt,2,2026-09-11_100139_chacal_i5,g8_r8,2026-09-11,0,V6,V6,1,G8-FABLE-11-09,8,4,0,PLAN,1,5,5,0,1,0,0,120,0,1,10,ECHEC,EXFIL_MANQUEE,3,3,3,0,9,1,CHEF,3,0,1,1,137.34,FEU_PROCHE,5,-1.93,0,389,,,,ATTEINT@26.13,ATTEINT@385.55,,antenne:POSEE tour:POSEE QG:POSEE,antenne:12s tour:1s QG:1s,0,0,299,,ACCEPTE,4ceff17befbb,"V6 - CAMPAGNE GRAINE 8 (Fable, 11/09). REF-A + delai du porteur 45 -> 120 s. Question : lui manque-t-il du temps ou un c"
2026-09-11_100139_chacal_i5/g8_r9,/mnt/data/hmt/runs/2026-09-11_100139_chacal_i5/g8_r9/serveur.rpt,2,2026-09-11_100139_chacal_i5,g8_r9,2026-09-11,0,V6,V6,1,G8-FABLE-11-09,8,4,0,PLAN,1,5,5,0,1,0,0,120,0,1,10,ECHEC,CHARGES_INCOMPLETES,1,3,1,0,7,3,CHEF DEMO_1 DEMO_2,2,0,1,1,143.3,FEU_PROCHE,5,-13.83,0,546,,,,ATTEINT@26.03,INCOMPLET@542.73,,antenne:POSEE tour:ELEMENT_N_ARRIVE_PAS QG:ELEMENT_N_ARRIVE_PAS,antenne:1s,0,0,299,,ACCEPTE,4ceff17befbb,"V6 - CAMPAGNE GRAINE 8 (Fable, 11/09). REF-A + delai du porteur 45 -> 120 s. Question : lui manque-t-il du temps ou un c"
2026-09-11_100219_chacal_i3/g8_r1,/mnt/data/hmt/runs/2026-09-11_100219_chacal_i3/g8_r1/serveur.rpt,2,2026-09-11_100219_chacal_i3,g8_r1,2026-09-11,0,V8,V8,1,G8-FABLE-11-09,8,4,0,PLAN,1,3,5,1,1,0,0,45,0,1,10,ECHEC,EXFIL_MANQUEE,3,3,0,0,10,0,,3,1,1,1,2258.43,ENNEMI_VU_EN_COMBAT,5,1.69,0,2559,,,RENSEIGNEMENT_PAUVRE@1746.01,ATTEINT@2113.05,ATTEINT@2553.85,,antenne:POSEE tour:POSEE QG:POSEE,antenne:18s tour:16s QG:16s,6,77,301,,ACCEPTE,4ceff17befbb,"V8 - CAMPAGNE GRAINE 8 (Fable, 11/09). REF-B + TENIR, jusqu a l assaut. Question : repere mais tenant, l appui tire-t-il"
2026-09-11_100219_chacal_i3/g8_r2,/mnt/data/hmt/runs/2026-09-11_100219_chacal_i3/g8_r2/serveur.rpt,2,2026-09-11_100219_chacal_i3,g8_r2,2026-09-11,0,V8,V8,1,G8-FABLE-11-09,8,4,0,PLAN,1,3,5,1,1,0,0,45,0,1,10,ECHEC,CHARGES_INCOMPLETES,2,3,2,0,10,0,,3,0,1,1,2091.93,ENNEMI_VU_EN_COMBAT,5,-1.87,0,2432,,,RENSEIGNEMENT_PAUVRE@1707.42,ATTEINT@2040.81,INCOMPLET@2427.89,,antenne:POSEE tour:PORTEUR_N_ARRIVE_PAS QG:POSEE,antenne:12s tour:45s QG:14s,0,0,301,,ACCEPTE,4ceff17befbb,"V8 - CAMPAGNE GRAINE 8 (Fable, 11/09). REF-B + TENIR, jusqu a l assaut. Question : repere mais tenant, l appui tire-t-il"
2026-09-11_113559_chacal_i5/g8_r1,/mnt/data/hmt/runs/2026-09-11_113559_chacal_i5/g8_r1/serveur.rpt,2,2026-09-11_113559_chacal_i5,g8_r1,2026-09-11,0,V3,V3,1,G8-FABLE-11-09,8,4,0,PLAN,1,5,5,0,1,1,0,45,0,1,10,ECHEC,CHARGES_INCOMPLETES,0,3,0,0,5,5,DEMO_1 MEDECIN DEMO_2 ADJOINT CHEF,0,0,0,1,115.01,FEU_PROCHE,5,-999,0,131,,,,ATTEINT@25.95,INCOMPLET@128.14,,antenne:PORTEUR_N_ARRIVE_PAS,antenne:2s,7,7,299,,ACCEPTE,4ceff17befbb,"V3 - CAMPAGNE GRAINE 8 (Fable, 11/09). REF-A + FEU_AVANT. Question : l assaut en AWARE avec ordre relance cesse-t-il de "
